,input_testData,MR_Transformed,output_testInput,output_MR,MR_checker
0,"[-17, 5, 13, 1, 18, 5, -7, -19, -11, 8, 11]","[-17, 13, 11, -19, 8, -7, 5, 1, 18, 5, -11]",7,21,Not-violated
1,"[3, 10, 13, -4, 13, 17, -8]","[3, 17, -4, 13, 10, -8, 13]",44,132,Violated
2,"[19, -1, -12, 4, 16, -2, 3, 0, -6, 2, -14, -5]","[-12, -2, 2, 16, 19, -5, 0, -6, -1, 4, 3, -14]",4,12,Violated
3,"[-11, 4, -12, 14, -10]","[-11, 4, -12, -10, 14]",-15,-45,Violated
4,"[5, -6, 16, -9, 15, 18]","[16, 5, 15, -9, -6, 18]",39,117,Not-violated
5,"[-12, -1, -4, 11, -3, -4, 19, -9, 17, 15, -10, 8, -7, 7]","[-1, 7, -3, -4, 8, -12, -10, 11, -4, 15, -7, 17, -9, 19]",27,81,Not-violated
6,"[1, -5, -1, -4]","[1, -1, -5, -4]",-9,-27,Violated
7,"[18, 15, -12, 3, 9, -11, -18, 9, -1, 10, 0, 10, -12]","[-12, 10, -18, -11, 3, -12, 9, 0, 9, -1, 10, 18, 15]",20,60,Violated
8,"[4, 13, 17, 13, 5, 17, -11, 9, -15, -10, -10]","[4, -11, -10, 13, -10, 5, 9, 13, 17, 17, -15]",32,96,Violated
9,"[-13, 0, 2, 7, 3, -9, -13, 8]","[3, -13, 7, 8, 0, -9, 2, -13]",-15,-45,Not-violated
10,"[-11, -11, -3, -1, 2, -12, -12, -16, -11, -4]","[-11, -11, -11, -3, -16, -1, 2, -12, -4, -12]",-79,-237,Violated
11,"[16, -5, 10, -10, 4, -16, -8]","[-10, 4, -5, -8, 16, -16, 10]",-9,-27,Violated
12,"[13, 19, -2, -19, 11, 17, 1]","[19, 17, -2, 11, -19, 1, 13]",40,120,Not-violated
13,"[10, 18, -16, 3, 0, 6, 3, 2, 1, 19, 5]","[2, 18, 0, 3, 6, 5, 10, 19, 3, -16, 1]",51,153,Not-violated
14,"[-14, -6, 4, 14, 8, 7, 15, 17, -8]","[-8, 7, 14, 15, -6, 4, -14, 17, 8]",37,111,Violated
15,"[11, -13, -9, 9, -19]","[9, 11, -19, -13, -9]",-21,-63,Violated
16,"[8, -15, 17]","[8, 17, -15]",10,30,Not-violated
17,"[-13, -1, -14, 11, 16, 2, -13, -1]","[-13, -14, 2, -13, 16, 11, -1, -1]",-13,-39,Violated
18,"[12, 7, -15, -16, -15, -7, 3, 9, -17, 11, -8, 7, -3]","[-17, 7, -15, 12, -16, 9, -8, 7, 11, -7, -15, -3, 3]",-32,-96,Violated
19,"[-4, -8, -7, 6, 3, -20, -1, 13, 12, 6, 9]","[-8, 12, 13, -7, 6, -1, 9, 6, 3, -4, -20]",9,27,Not-violated
20,"[0, 0, 11, -9, 5, -8, 5, 0, -9, 6, -16, -20, 9]","[-9, -8, 0, -16, 6, 11, 0, 5, 9, -20, 0, -9, 5]",-26,-78,Not-violated
21,"[6, 1, -14, 13, -3, -18]","[13, -3, 1, 6, -18, -14]",-15,-45,Violated
22,"[7, 19, 10, 6, 17, 15]","[10, 7, 15, 17, 19, 6]",74,222,Not-violated
23,"[-12, 10, -18, -13, 3, 11, -14, 16]","[11, -13, -14, 3, 16, -18, -12, 10]",-17,-51,Not-violated
24,"[2, 18, 15, 15, -3, 15, 7, 8, 10, 3, -14, 15, -1]","[18, 15, -3, 7, 15, -1, -14, 15, 10, 2, 15, 3, 8]",90,270,Violated
25,"[-15, -12, 6, 4, -6, 17, 8, 1, 10, -17, -1, -1, -17, 9]","[9, 10, -1, -17, -6, -15, -12, 1, -17, 6, 8, -1, 17, 4]",-14,-42,Not-violated
26,"[-16, -19, -19, 13, 6, 16, -17]","[-16, -17, -19, -19, 16, 13, 6]",-36,-108,Violated
27,"[-19, -11, 12, -15, -1, -8, 2, -6, -2]","[-15, 2, -6, -2, -1, -11, 12, -19, -8]",-48,-144,Violated
28,"[0, -13, 1]","[1, -13, 0]",-12,-36,Not-violated
29,"[-8, -17, -9, 17, -11, -1, -6]","[-8, -11, -9, -6, -1, 17, -17]",-35,-105,Violated
30,"[6, -6, -10, 6, -14, -18]","[6, 6, -14, -6, -18, -10]",-36,-108,Violated
31,"[-7, 11, -7, 12, 10, 13, 4]","[-7, -7, 10, 12, 11, 4, 13]",36,108,Not-violated
32,"[-4, -13, 11, -4, 4, -2, -6, 10]","[-2, 11, -4, 10, -13, 4, -6, -4]",-4,-12,Not-violated
33,"[5, 10, 10, 12, 15, 2, 13, -11, 1]","[13, -11, 2, 1, 12, 5, 10, 10, 15]",57,171,Not-violated
34,"[-6, 6, 6, -3, -14, 11, 6, -8, 7, -8, -20]","[6, -8, -20, 11, 6, 6, -3, -8, 7, -6, -14]",-23,-69,Violated
35,"[-7, -19, -2, 12, 9, -3, -14, 19, 9, -11, 13, -12, 15]","[-19, 13, 19, -7, -2, 9, -14, 9, 12, -11, 15, -12, -3]",9,27,Not-violated
36,"[-11, -9, 4, 1, -11, -8, -6, 8, 5, 17, 0, 1]","[1, 5, 4, 17, -6, -9, 8, -8, -11, -11, 0, 1]",-9,-27,Not-violated
37,"[0, 15, -6, -10, -3]","[-3, 0, -10, -6, 15]",-4,-12,Violated
38,"[-2, 3, 6, 10, -10, 17, 5, 18, -1, 11, 9, 5, 17]","[5, 17, 6, 9, -2, -10, 3, 18, -1, 11, 10, 5, 17]",88,264,Not-violated
39,"[-14, 1, -16, 19, -15, -4, -17, -17, 10, -2, -20, -20, -4]","[10, -14, -20, -2, -4, -16, -20, -15, -17, 19, -17, -4, 1]",-99,-297,Violated
40,"[13, -9, -5, -20, -6, -3]","[-6, 13, -3, -20, -5, -9]",-30,-90,Violated
41,"[2, 1, 18, -12, 12, -4, -17, -6, -16, 15, 13, 9, 7]","[1, 15, -6, 18, -12, 9, 12, 13, -16, -4, 2, -17, 7]",22,66,Not-violated
42,"[3, 2, 18, 0, 16]","[3, 18, 0, 16, 2]",39,117,Not-violated
43,"[-17, 4, -9, -3, 15, -16, 0, -10, -6, -4, -2]","[-4, -9, -17, -16, -3, -10, 0, -2, 4, 15, -6]",-48,-144,Violated
44,"[-5, 10, 11]","[10, 11, -5]",16,48,Not-violated
45,"[-12, 13, -1, 19, 4, -1, 13, -18, 4, 0, -4, 7, -18]","[-1, 4, 13, -1, -12, 7, 19, -18, 13, -4, 4, -18, 0]",6,18,Violated
46,"[10, 17, -11]","[17, -11, 10]",16,48,Violated
47,"[-9, 6, -20, -20, 4, 11, 3, -3, 0, -9, -1, -8]","[3, -3, 11, -9, -9, 6, -20, -20, 0, -1, 4, -8]",-46,-138,Violated
48,"[-20, 1, 2, 9]","[-20, 2, 1, 9]",-8,-24,Not-violated
49,"[9, -14, 3, -6, -19, 4]","[3, -6, 9, -19, -14, 4]",-23,-69,Not-violated
50,"[17, 1, 17]","[17, 1, 17]",35,105,Not-violated
51,"[9, 18, 5, -16, -16, 15, 11, 14, 13]","[13, 15, -16, 11, 5, -16, 14, 18, 9]",53,159,Not-violated
52,"[-5, -10, 19, -8, 3, -8, -6, 17, 18, -7, -3]","[18, -8, 19, -6, 17, -7, -8, 3, -10, -5, -3]",10,30,Violated
53,"[-5, -1, 14, 1]","[1, 14, -1, -5]",9,27,Not-violated
54,"[9, -15, 17, -18, -15, 1]","[-18, 9, -15, 17, 1, -15]",-21,-63,Not-violated
55,"[-20, -2, 6, 8, 18, -12]","[18, -20, -12, -2, 6, 8]",-2,-6,Violated
56,"[-3, 4, 7, 3, 9, -9, 2, 6]","[6, 4, 2, 3, 9, 7, -9, -3]",19,57,Not-violated
57,"[-19, -9, 12, -19]","[12, -19, -9, -19]",-35,-105,Violated
58,"[-14, 13, 13, -15, 10, -10, 15, -3, -14, -3, -1, -9, -14, 1]","[-3, -15, -14, 10, 13, -1, -14, -3, -9, 13, -14, 1, 15, -10]",-31,-93,Not-violated
59,"[-4, -13, -16, -2, 16, -11, -17, 5, 7, -5]","[-4, -16, -5, -13, 7, -2, 5, 16, -17, -11]",-40,-120,Violated
60,"[7, 11, 3, -4, 10, -8, -11]","[11, 10, 3, -8, 7, -11, -4]",8,24,Violated
61,"[3, 2, 6, 1, -18, 16, 7, -6, -1, 4]","[3, -1, 1, -6, -18, 7, 4, 2, 6, 16]",14,42,Not-violated
62,"[-18, 11, -9, 11, 13, 14, -16, -20, 9, -18, 7, 15, 9]","[13, 7, 9, -18, 11, -20, 11, 15, 9, -16, -9, -18, 14]",8,24,Not-violated
63,"[-16, -2, 0, 7, -9, -18, 10, -7, 6, 13]","[-18, 13, -2, 7, 10, -9, -16, 6, 0, -7]",-16,-48,Not-violated
64,"[-20, 10, 8, -10, 16, 15, -13, 2, 11, 16, 0]","[16, -20, 10, 16, 2, 8, 11, -10, 15, 0, -13]",35,105,Not-violated
65,"[12, -6, 15, -3, -20, 11, -2, -3]","[-20, 15, 12, -3, -3, 11, -2, -6]",4,12,Violated
66,"[-3, 5, -18, 2, -4, -13, 17, -3, -12, -8, -4, 9]","[9, 17, -4, -4, -13, -18, 5, -12, -8, -3, 2, -3]",-32,-96,Not-violated
67,"[4, -13, 0, -10, -7, -19, -4, 17, 16, -4, -14, 16, 10, -3]","[17, -13, 16, -4, -19, 0, -3, 10, -14, -10, -4, 4, -7, 16]",-11,-33,Violated
68,"[-4, 4, 18]","[-4, 4, 18]",18,54,Not-violated
69,"[3, -19, 0, -10, 13, 0, -1, -19, -3, -14, 9, -19]","[3, 13, -19, -19, -19, 0, 0, -1, -3, -14, 9, -10]",-60,-180,Violated
70,"[17, 6, -6, -9, 14]","[14, -6, -9, 17, 6]",22,66,Not-violated
71,"[-8, 14, 19, 3, 0, 2, 19, 0]","[2, 19, -8, 0, 0, 3, 14, 19]",49,147,Not-violated
72,"[5, 19, 8, 15, -1, 2]","[5, -1, 8, 19, 2, 15]",48,144,Not-violated
73,"[13, -9, 2]","[2, 13, -9]",6,18,Not-violated
74,"[13, 6, -17, -11]","[6, -11, -17, 13]",-9,-27,Violated
75,"[-2, 15, 1, -7, 16, 6]","[6, 16, 1, 15, -7, -2]",29,87,Not-violated
76,"[16, -8, 17]","[16, -8, 17]",25,75,Not-violated
77,"[19, -11, -6, 11, 13, 0, 18, -2, 12]","[12, -11, 19, 13, -6, 0, 11, -2, 18]",54,162,Not-violated
78,"[-11, -5, 12, 15, -6]","[15, -6, -11, -5, 12]",5,15,Violated
79,"[10, -10, 0, -14, 4]","[10, -10, 4, 0, -14]",-10,-30,Not-violated
80,"[3, -9, -1, 15, 14, 11, -17, 14, -18, 1]","[11, 14, 15, -1, -17, -18, -9, 14, 1, 3]",13,39,Not-violated
81,"[-10, 10, -4, -8, 5, 6, 5, -11, 4, -14, 14, -13, -19, 2]","[-11, -8, -13, 6, -4, 2, -14, 14, 5, 4, 5, -19, 10, -10]",-33,-99,Not-violated
82,"[11, 16, 2]","[16, 2, 11]",29,87,Not-violated
83,"[-10, -9, -11, 5, 6, -20, -18, -13, -15, -18, 6, -19, -4]","[-11, -15, 5, -10, 6, -18, -13, -9, 6, -18, -4, -20, -19]",-120,-360,Violated
84,"[-20, 10, -11, -13]","[-11, 10, -13, -20]",-34,-102,Violated
85,"[-14, 11, 11, 9, -1, 2, -3, 13, -1, 6, 14]","[-1, 9, 13, 2, 11, -3, -14, 6, 14, 11, -1]",47,141,Not-violated
86,"[-12, 9, 0, 12, 14]","[9, 0, -12, 14, 12]",23,69,Not-violated
87,"[-2, 16, 11, -2, -15, -9, -14]","[-9, -14, 16, -15, -2, 11, -2]",-15,-45,Violated
88,"[-5, 7, 1, 17, 8]","[-5, 8, 17, 7, 1]",28,84,Not-violated
89,"[1, -3, 13, -12, -4, -16, 7, -19]","[-3, -12, 7, 13, 1, -4, -19, -16]",-33,-99,Violated
90,"[10, 5, 16, 17, 19, -1, -15]","[10, 16, 5, -15, -1, 19, 17]",51,153,Violated
91,"[9, -20, -20, -18, 17, -14, 19, -16, -2, 0, -12, 9, -12, 7]","[-12, -2, 17, 19, 9, 0, 9, -12, 7, -20, -14, -16, -18, -20]",-53,-159,Not-violated
92,"[5, 2, 18, 2, -13]","[-13, 18, 5, 2, 2]",14,42,Violated
93,"[-11, 13, -8, 8, 7, -5, -6, -7, 15, 18, -11]","[-7, -11, -8, 8, 7, -11, 18, 13, -6, 15, -5]",13,39,Violated
94,"[-18, -6, 2, 7, -11, 10, -4, 6, 17, 7, 3, -7]","[7, 6, 7, -4, 17, -18, -6, 2, -7, 3, 10, -11]",6,18,Violated
95,"[-20, 9, 1, -6, -3, -18, 9, 7, -13, -9, 3, 14, -7, -11]","[1, -18, 14, 9, -6, -20, -7, 7, -9, 3, -13, -3, -11, 9]",-44,-132,Violated
96,"[7, -10, 4, 17, -1, 18]","[17, 18, 7, -10, 4, -1]",35,105,Not-violated
97,"[16, -15, 13, 14, -18, -8, -2]","[-8, -15, 14, 16, -2, 13, -18]",0,0,Violated
98,"[-15, -13, -20, 14]","[-20, -15, 14, -13]",-34,-102,Not-violated
99,"[-14, 15, 10, 18, -8, 10, 17, -9, 14, 7, -4]","[18, 7, -9, -14, -4, 17, 10, 10, 15, 14, -8]",56,168,Violated
100,,,25,75,Violated
101,"[8, -16, 4, 5, -17, -12, -7, 12, 13, -17, 7, -7]","[-7, 8, -12, 5, -17, -17, -16, 12, 4, 13, -7, 7]",-34,-102,Violated
102,"[-4, -6, 9, 3, 2, 6, -15, 16, -12, -9, -10, 18]","[3, 9, -15, 2, 6, 16, -12, -4, 18, -9, -10, -6]",-49,-147,Violated
103,"[-19, 3, -7, 13, -7, 9, -11, -14, 9, -3]","[9, 13, -7, -3, 9, -19, 3, -11, -7, -14]",16,48,Not-violated
104,"[-18, 18, 7, -7, 3, 0, -2, -4]","[0, 7, -2, -18, 3, -4, 18, -7]",-76,-228,Violated
105,"[9, -20, 19, -4, 1, 0, -13, -13, -4, -18]","[-13, -18, 1, 19, 9, -4, -4, 0, -20, -13]",-31,-93,Not-violated
106,"[-6, 8, -15]","[-15, 8, -6]",-14,-42,Violated
107,"[-10, 9, 2, 19, 8, 6, -10, -12, -14, 9, -14, -6, -9]","[-6, 8, -10, -14, -12, 6, 19, 2, 9, -14, 9, -9, -10]",10,30,Not-violated
108,"[3, -10, 3, 4, -11, -10, 1, 14, -20]","[-11, -10, 1, -20, -10, 4, 14, 3, 3]",3,9,Violated
109,"[-18, 15, 18, 12, -19, 4, 16, 14, -19, -15, -15, -7, 6]","[6, 4, -19, -15, -18, 15, 18, -19, 14, -7, -15, 16, 12]",30,90,Violated
110,"[14, -2, 13, -12, 4]","[-12, 13, -2, 4, 14]",26,78,Not-violated
111,"[-13, 3, 11, -7, 1, -5]","[-7, -5, 1, -13, 3, 11]",2,6,Not-violated
112,"[-13, -6, 12, -15, 0, 11, 15, 7, 15, 4, 11, 14, -18]","[7, 11, 15, -13, 15, 4, -18, -6, 0, 14, -15, 12, 11]",-14,-42,Not-violated
113,"[-6, -14, -13]","[-6, -14, -13]",-32,-96,Violated
114,"[-4, 5, 15, 8, -15, -7, -7, 3, 19, -8, -10, 14, 2, -1]","[14, -10, -8, -4, 19, -7, -1, 3, 8, -15, 15, -7, 2, 5]",-31,-93,Not-violated
115,"[-15, -8, -20, 16, -7, 4, 8, -14, -18, -3]","[-3, 16, -20, -18, -7, -15, 4, -14, -8, 8]",-10,-30,Violated
116,"[-2, -19, 4, -14, -14, 18, 15, 7, -15, -2]","[-14, -2, 15, 4, 18, -2, 7, -15, -14, -19]",24,72,Violated
117,"[-6, -19, -12, -4, -5, 12, 18, -10]","[-6, -19, -4, 18, 12, -5, -10, -12]",-71,-213,Violated
118,"[-5, 18, 0, 14, 4, -19, 6, 4, -19, 17, -4, -18, 6]","[4, 4, 0, 14, -19, -5, 6, -18, 6, 17, -4, 18, -19]",25,75,Violated
119,"[-8, 13, -12, 16, 0, -3, 15, -12, 16, 5, -14, -10]","[16, -14, -10, -12, -3, -8, 0, 13, 16, 15, -12, 5]",24,72,Violated
120,"[9, 7, -5, 13, -13, 16, -4, 19, 10, -15, -14, 11, -6]","[19, 9, -15, -6, 11, 10, -5, 13, -4, -13, 16, -14, 7]",-65,-195,Violated
121,"[2, 10, -2, 9, -18]","[-2, -18, 9, 2, 10]",8,24,Violated
122,"[-1, -17, -2, -4, -11, -17]","[-2, -17, -1, -17, -11, -4]",-8,-24,Not-violated
123,"[16, -3, 8, 13, -12, 1, -3, 14, -3, 5, -8, 6, 8, -15]","[-3, 6, -3, -8, 16, 14, -15, 5, 8, 1, 13, -12, -3, 8]",-5,-15,Violated
124,"[14, 18, -10]","[18, -10, 14]",-44,-132,Violated
125,"[3, 12, -20, -17, 14, -19, 1, 17, 15, 3, 0, 7, -8, -1]","[-19, 17, 3, 14, -17, 12, -8, -20, 1, -1, 7, 15, 0, 3]",-24,-72,Not-violated
126,"[0, -16, 16, 14, -1, 11]","[-1, 11, 0, 16, -16, 14]",3,9,Violated
127,"[19, 14, 12, -20, -20, 0, -4, 8, -9, -5, -18, -16, -6]","[-4, -9, -16, -18, 8, 19, 12, -20, 0, -5, 14, -6, -20]",5,15,Violated
128,"[0, 5, 5, -16, -4]","[5, 0, 5, -4, -16]",-48,-144,Violated
129,"[-6, -4, -14, -5, -5, -7, -10]","[-10, -6, -14, -7, -5, -5, -4]",21,63,Not-violated
130,"[-12, -13, 15, -6]","[-6, -13, 15, -12]",-13,-39,Violated
131,"[-20, 19, -11, 19]","[19, -11, -20, 19]",-44,-132,Violated
132,"[-19, 19, -7, -18, 5, 17, 8, 4, 3, -5, -12, 16]","[3, 4, -19, 16, -7, -5, -12, -18, 17, 19, 5, 8]",11,33,Violated
133,"[-10, 7, 7, 2, 1, 14, 1, -20, 4, -20, 4, -1, 3]","[7, 14, 1, 4, 1, -20, 3, -10, -20, -1, 2, 7, 4]",14,42,Violated
134,"[2, -3, -7, -11, -10]","[2, -11, -10, -3, -7]",-44,-132,Violated
135,"[-13, -18, -10]","[-13, -10, -18]",-6,-18,Violated
136,"[-5, -13, -11, 9]","[-13, -5, -11, 9]",39,117,Not-violated
137,"[-16, 8, -1, 1, 8, 14, 11, -10, 6]","[11, -16, 1, -1, 8, 14, 6, 8, -10]",-77,-231,Not-violated
138,"[19, -12, 3, 19, -17]","[-12, 3, -17, 19, 19]",-66,-198,Violated
139,"[-11, -1, 2, 13, -18, 13, -9]","[-18, -1, -11, 2, -9, 13, 13]",-7,-21,Not-violated
140,"[-8, 13, 2, 13, -11]","[-11, 13, -8, 2, 13]",15,45,Violated
141,"[12, -16, 16, -17, 15, -8, 10, -5, -7, -1, -2, -4, -4, 8]","[15, -8, -5, 8, -7, 12, 16, -2, -17, 10, -4, -16, -1, -4]",13,39,Not-violated
142,"[-16, 1, 14, 13, -1, -3, 19, -1]","[13, -1, 14, -1, -3, 19, -16, 1]",-24,-72,Not-violated
143,"[8, -18, 5, -5, 18, -15, -3, -6]","[5, -3, -5, -18, 18, -6, -15, 8]",12,36,Not-violated
144,"[15, -12, -4, 15, -5, 10]","[15, 10, 15, -5, -4, -12]",-14,-42,Violated
145,"[10, -17, 14]","[-17, 14, 10]",41,123,Not-violated
146,"[5, 4, -14, -16, -12, 2]","[-16, 4, -14, -12, 2, 5]",-27,-81,Violated
147,"[15, -6, -1, 7, -6, -5]","[-1, 15, 7, -6, -6, -5]",-30,-90,Violated
148,"[3, 3, -8, -10]","[-8, 3, 3, -10]",22,66,Not-violated
149,"[3, -3, -9, -11, -14, 1, -4]","[-14, -4, -11, -3, 3, -9, 1]",4,12,Violated
150,"[7, -16, -19, -16, 0, 12, 8, 3, 8, 5, 18]","[3, 12, -16, -19, 8, 7, -16, 18, 5, 0, 8]",-15,-45,Not-violated
151,"[-15, 9, 13, -12, -8, -12]","[13, -12, -8, -12, -15, 9]",-8,-24,Violated
152,"[4, 8, -20, -16, 8, 5]","[4, 5, 8, -20, -16, 8]",-19,-57,Violated
153,"[-15, 3, 8, 2, 2, 11]","[2, 2, 8, 11, 3, -15]",14,42,Not-violated
154,"[18, -7, 6]","[6, -7, 18]",-35,-105,Violated
155,"[15, 2, 19, -9, 10, 9, -12, -3, 7, 16, 15, 19, -7, 5]","[15, -7, -9, 9, 19, 10, 7, -3, 19, 16, 15, 5, -12, 2]",18,54,Not-violated
156,"[19, 15, -18, -6, -20]","[19, -20, -18, 15, -6]",-27,-81,Violated
157,"[13, 0, -17, 6, 3, 0, -16, 13, 15, -14, 4, -19, 3]","[3, -14, 0, 13, 3, -19, 6, 15, 4, 0, -16, 13, -17]",35,105,Not-violated
158,"[16, 5, -11, 6, 8, 12, -6, 17]","[16, 8, 17, -11, 6, 12, 5, -6]",-35,-105,Violated
159,"[-20, 6, -19, 6, 13, -16, -2]","[6, -20, -16, 13, 6, -2, -19]",-13,-39,Not-violated
160,"[-19, 10, 19, -2, 1, -1, 17, -12, 9, 1, -3, -9, 13]","[13, -19, -9, 17, -3, -1, -12, 19, 9, 1, -2, 10, 1]",-45,-135,Violated
161,"[-10, -2, -17, -9, -3, 6, -13, 17, -13, -16, -5, -4, 1]","[-10, -13, -17, -9, 1, 17, -4, -5, -16, -13, -2, -3, 6]",7,21,Not-violated
162,"[-18, 0, -17, 4, -12, -4, -14, -19, 15, -4, 14]","[0, -18, -19, 14, -17, -4, -14, -12, 4, -4, 15]",-37,-111,Not-violated
163,"[2, 0, 16, -9, 14, 17, -2]","[16, 0, 17, -2, -9, 2, 14]",-31,-93,Not-violated
164,"[12, 2, 5, 4, 1]","[1, 4, 12, 2, 5]",-17,-51,Not-violated
165,"[3, -20, 13]","[13, 3, -20]",-44,-132,Not-violated
166,"[-7, -5, 19, 9]","[-7, -5, 9, 19]",15,45,Not-violated
167,"[7, 14, -18, -3, 5, 1, 16, 4]","[16, 4, -3, 5, -18, 14, 1, 7]",-30,-90,Not-violated
168,"[-15, -2, 12, -1, -20, 11, -18]","[-18, 11, -1, -15, -2, -20, 12]",-13,-39,Not-violated
169,"[-17, 4, -17, -2]","[-17, -2, -17, 4]",19,57,Not-violated
170,"[-20, 2, 5, 1, -2, -1, 12, 11, 19]","[1, 19, 2, 11, -1, -2, -20, 12, 5]",-12,-36,Not-violated
171,"[6, -1, -15, -13, 9, 0, -15, 4, -15, -4, -3, 9]","[9, -1, -13, 6, 0, 9, -15, -15, -4, -15, -3, 4]",-23,-69,Not-violated
172,"[1, 7, 0, -16, 0]","[7, -16, 0, 0, 1]",-24,-72,Not-violated
173,"[-16, -3, 16, -19, -17, 1, 0]","[-3, -19, 16, -17, -16, 0, 1]",24,72,Not-violated
174,"[-5, 0, 5]","[-5, 0, 5]",26,78,Violated
175,"[-5, -12, -3, 19, 17, -17]","[-17, 17, -5, 19, -12, -3]",-11,-33,Violated
176,"[-2, 16, -20, 13, 16, -19, 13, 9, -20, 6, -15]","[-20, 6, -19, 16, 16, -2, 13, 13, 9, -15, -20]",-22,-66,Violated
177,"[3, 16, 16, 14, 2, -14]","[2, 16, 16, 14, 3, -14]",9,27,Violated
178,"[-12, 5, -3, -11, -15, -2, -12, 15, -6, 13, 11, 14, 13, 7]","[-15, 15, -11, 14, 13, 7, 11, -6, -2, -3, 13, -12, -12, 5]",-47,-141,Violated
179,"[10, -7, -18, -3, 12, 12, -18, -12, -13, 8, -11]","[-12, -18, -7, -11, -3, 10, 12, -18, 12, 8, -13]",-14,-42,Not-violated
180,"[-19, -4, 4, -2, -7]","[-19, -2, 4, -7, -4]",-42,-126,Violated
181,"[16, 9, -15, 11, -8, -9, -18, -13, -5, -10, 15]","[16, 11, 9, 15, -8, -10, -5, -18, -15, -9, -13]",-22,-66,Violated
182,"[-5, -17, 19, 2, -4, 6, -1, -8, -17, 9, -5, -3, 5, 6]","[5, -17, 19, -4, 6, -8, 2, -5, -17, 9, -3, -1, -5, 6]",52,156,Violated
183,"[19, 11, 13, 1, 7, -4, 19]","[19, 7, 11, 1, -4, 19, 13]",-6,-18,Violated
184,"[12, 12, 14, 11, 9]","[14, 12, 11, 12, 9]",-37,-111,Not-violated
185,"[3, -4, -14, -3, 14, -16, 9, 5, -17, 8, 18, -10, -7]","[-14, 9, 8, -3, 14, 18, -10, -17, -16, 3, 5, -4, -7]",-26,-78,Violated
186,"[-20, 11, 6, -8, 17, -12, 3, -16]","[6, 17, 3, -12, 11, -20, -16, -8]",26,78,Violated
187,"[2, -6, -3, -11, 18, -19, 2]","[-19, -3, -11, 2, 2, 18, -6]",-24,-72,Violated
188,"[6, 17, -7, -6]","[-6, -7, 6, 17]",-27,-81,Violated
189,"[15, -9, 10]","[15, -9, 10]",-4,-12,Not-violated
190,"[7, -20, 6, 12, -18]","[-18, 12, 7, -20, 6]",-38,-114,Violated
191,"[3, 1, 15, 12, 4, -12, -2]","[15, 3, -2, 1, 4, 12, -12]",-43,-129,Violated
192,"[-13, -10, -3, -7, 11, 5, 13]","[5, 11, -3, -7, -10, 13, -13]",-52,-156,Violated
193,"[3, -10, 2, 16, -8, -3, -7, 15, 3, -2, 16]","[-10, 3, 3, 15, 16, -7, 2, -2, 16, -8, -3]",59,177,Not-violated
194,"[0, 0, 10, 14, -6, 1, -17]","[1, -6, 14, 0, 0, -17, 10]",-85,-255,Violated
195,"[12, 7, 14, 16, 13]","[14, 13, 16, 12, 7]",23,69,Not-violated
196,"[0, 14, -6, -3, 13]","[0, -3, -6, 14, 13]",4,12,Violated
197,"[12, 9, -4, 4, -14, -10, 14]","[-10, 14, 12, 9, 4, -14, -4]",-37,-111,Violated
198,"[-5, 7, -4, -7]","[-7, -4, -5, 7]",-41,-123,Violated
199,"[-4, 4, 15, -18, 13, -7, -9, -18]","[13, -7, 15, 4, -18, -18, -4, -9]",-58,-174,Violated
200,"[-11, -1, -11, -14, -11, 15, -18, 3, -4, -10, -1]","[15, -1, -1, -18, -4, -11, -14, -11, -10, 3, -11]",-45,-135,Violated
201,"[14, -6, 10, -3, -10, -20, 2, -5, 15, -3, -16, -9]","[-3, 10, -3, -16, -6, -10, -20, 15, -5, -9, 14, 2]",-66,-198,Not-violated
202,"[-7, -17, -12, 2, 8, 16, 11, 2, 14, -18, 0, 15]","[2, 15, -12, 8, -18, 11, 14, 2, 16, -17, 0, -7]",-32,-96,Violated
203,"[3, -12, -2, -12, 14, 18, 1, 4, 13, -11]","[18, -11, -2, 14, 4, -12, 1, 13, 3, -12]",-74,-222,Violated
204,"[5, -2, -2, 4, 12, -12]","[-12, -2, 4, 5, -2, 12]",-53,-159,Violated
205,"[5, -6, 19]","[5, -6, 19]",-3,-9,Not-violated
206,"[15, 17, 19, 0, -9, 5, 16, 14, -10, -2, 14, -13, 6, 14]","[16, 14, 19, 14, -13, 14, 6, 15, -10, 0, 5, -9, 17, -2]",-4,-12,Violated
207,"[18, 15, -14, 5, 18, -2, 9, -6, 14, -9, 5, 16]","[16, 9, -9, 15, 18, -14, 5, 18, 14, -6, 5, -2]",-4,-12,Not-violated
208,"[-4, -9, -13, 9, 6, 5, 0, 14, 14, 9]","[14, -9, 14, 9, 9, -13, 0, 5, -4, 6]",3,9,Not-violated
209,"[8, 13, -3, -8]","[8, 13, -8, -3]",2,6,Violated
210,"[9, 3, 12, -10]","[9, 12, -10, 3]",8,24,Not-violated
211,"[-2, -12, -9, -1, -13, -7, 4, 13]","[-9, -7, -13, -12, 4, 13, -1, -2]",28,84,Not-violated
212,"[10, 18, -2, -5, -8, -16, -2, 0, -3, -15, -8, -3]","[-8, -16, -8, -3, 0, -2, -15, -2, -5, 10, 18, -3]",30,90,Not-violated
213,"[-10, -3, -12, -10, 5, -5, 0, 13, -10]","[-10, 5, 13, -10, -10, -12, -5, -3, 0]",37,111,Not-violated
214,"[4, 3, -16]","[3, -16, 4]",14,42,Not-violated
215,"[-8, -20, -17, -17, -7, 2, 18, 18, 4, 18, 8, -18]","[18, 18, 8, 2, -17, 4, -8, -18, -7, 18, -17, -20]",-20,-60,Violated
216,"[7, -13, 5]","[-13, 7, 5]",5,15,Not-violated
217,"[9, 4, -14, -15, -4, -6]","[-14, 9, -6, -15, 4, -4]",-28,-84,Violated
218,"[-2, 18, 19, -2, 18, -10, 19, 6, -17]","[-17, -2, 6, 18, -2, -10, 19, 19, 18]",62,186,Not-violated
219,"[-17, -14, 13, -1, -6, 3, -4, 17, 12, 11, -5, 15, 11]","[-14, -17, 15, 11, 13, 12, 11, 17, -6, -1, -5, 3, -4]",-36,-108,Not-violated
220,"[9, -17, -11, 1, -8, -9, 1, -15, 12]","[1, -17, -15, -9, -8, 12, 1, 9, -11]",-7,-21,Violated
221,"[6, 14, -12, 1, 5, -2, -1, -6, 8]","[6, -12, -1, 14, 8, -6, 1, 5, -2]",19,57,Not-violated
222,"[-17, 4, 2, 1, -9, 5, 15, -7, 3, -12]","[-12, 2, 4, -9, 15, 1, 5, -17, -7, 3]",6,18,Not-violated
223,"[2, -16, 7, -12, 3, -12, 1, 19, 14]","[14, 7, 3, -12, 19, 1, -12, -16, 2]",7,21,Violated
224,"[-18, -15, -13]","[-15, -18, -13]",-37,-111,Violated
225,"[-3, 9, -11, 4, 15, -15, -8, 12]","[9, -3, 12, -15, 4, 15, -11, -8]",10,30,Not-violated
226,"[14, -7, -18, 18, 8, -1, -18, 17, 13, -18, -15, 13]","[-1, -18, 13, -7, -15, 8, 17, -18, 18, -18, 13, 14]",9,27,Violated
227,"[10, -10, -19, 1, -18, -18, 9, 2, 14, -20, -1, 8]","[-1, -10, -18, 2, 9, 10, 8, -18, 14, 1, -19, -20]",-43,-129,Not-violated
228,"[15, 10, 16]","[15, 16, 10]",-19,-57,Violated
229,"[14, -15, 8, 7, 6, -7, -5, 10, -11, -16, 5]","[7, 6, -5, -16, -15, 14, 10, -7, -11, 5, 8]",26,78,Not-violated
230,"[-16, -20, 2, -2, -11, 1]","[1, -11, -16, -2, -20, 2]",-32,-96,Violated
231,"[-5, 8, 0, -11, 4, -12]","[-11, 0, 8, -12, 4, -5]",7,21,Not-violated
232,"[-7, 18, -3, -18, 17, 2, -19, 17, 13]","[-19, 18, 17, -3, 17, 13, -7, 2, -18]",-36,-108,Not-violated
233,"[2, 9, -1, -15, 8, 15, 1, -7, -4, 1]","[-15, 2, -4, 15, 8, -7, 9, -1, 1, 1]",-33,-99,Violated
234,"[-3, 17, -14, 16, 10, -5, 16, -12, 4]","[10, -14, -3, 4, -5, 17, 16, 16, -12]",11,33,Not-violated
235,"[-15, 13, 14, 3, 1, -18, -9, 1, -16, -5]","[1, 3, -5, 13, -16, 14, -18, 1, -15, -9]",-71,-213,Not-violated
236,"[-9, -12, 18, -9, 9, -19, 15, -2]","[-9, 15, 9, -9, 18, -12, -19, -2]",29,87,Not-violated
237,"[-9, -11, 17, 16, -11, 17, 19, -18, -14, 19]","[-18, 16, -14, 19, 19, -11, 17, -11, -9, 17]",38,114,Not-violated
238,"[-12, -18, -2, -15]","[-15, -18, -2, -12]",35,105,Violated
239,"[-8, -7, 4, 0, 4, -5, 6, 10, -17, -12, -7, -10, -1, -1]","[-8, 6, -7, -1, -5, 10, -1, -7, -17, -10, 4, -12, 0, 4]",-10,-30,Violated
240,"[-14, -5, -13, 17, -2, -4, -14, 9, -9, 17, 2, 19, 15, 10]","[-2, 17, 17, -14, 2, 15, -5, -9, 10, -4, -14, 9, 19, -13]",17,51,Not-violated
241,"[10, -11, 18, -1, 8, 19, -13]","[-13, 10, 18, 8, 19, -1, -11]",-20,-60,Violated
242,"[17, 1, 9, -6]","[1, 17, -6, 9]",-16,-48,Violated
243,"[-13, 12, 3, 17, -3, 19]","[12, -3, 3, 19, 17, -13]",11,33,Not-violated
244,"[16, 15, -11, 16, 15, 6, -11, -5, 3, 11, -14, -18]","[16, -11, 16, -11, -14, 3, 15, -18, 15, 6, 11, -5]",15,45,Violated
245,"[-13, -18, 19, 1, -16, 6, -11, 19, -20, 1, 11, -3, -3, 3]","[19, -20, -3, -13, -3, 19, 6, 3, -16, 1, -18, 1, 11, -11]",50,150,Not-violated
246,"[-6, 8, 0]","[8, -6, 0]",-5,-15,Not-violated
247,"[1, 16, 6, -15, -4, -8, -8]","[1, -8, 6, -4, -8, 16, -15]",53,159,Not-violated
248,"[13, -11, 13, -4, -19, -18, 16, -16, -17, -11, -13, 14, -7, 9]","[-4, 16, -16, 13, 14, -19, 13, -11, -7, 9, -18, -11, -13, -17]",-50,-150,Violated
249,"[-18, -3, 2, -5]","[-5, -3, 2, -18]",-19,-57,Not-violated
250,"[-13, -2, -1, 13, -3, -13]","[13, -13, -1, -2, -3, -13]",-42,-126,Not-violated
251,"[-11, -1, -14, -1, 1, -14, -11, 8, -14, -9, 9, -19, -5]","[-9, -11, -14, -19, -11, 8, 9, -5, -14, 1, -14, -1, -1]",-65,-195,Violated
252,"[16, 15, 16, 1, 6, -16, 3, 13, -11]","[15, 1, 6, -16, 13, 16, -11, 16, 3]",-25,-75,Violated
253,"[-11, 4, -5]","[-11, -5, 4]",-22,-66,Violated
254,"[8, -16, 12, -8, 11, 11, 3, 7, -1, -15]","[12, -15, -16, -1, 11, 11, 7, 3, -8, 8]",-33,-99,Violated
255,"[-11, 8, -3, -12, 7, 2, 11, 9, 9, 10, 11, -20]","[11, 9, 7, 8, -11, -3, 9, -20, 11, 2, -12, 10]",30,90,Not-violated
256,"[-9, -15, 4]","[-15, 4, -9]",-33,-99,Not-violated
257,"[8, 6, -3, 17, -15, -5]","[8, -3, 6, -15, -5, 17]",17,51,Violated
258,"[16, -16, -13, 2, -18, 6, -12, -4, 7, 5, 16]","[16, -18, 16, 2, 5, -12, -16, -13, 7, 6, -4]",52,156,Not-violated
259,"[-20, 7, -20, -1, 3, -2]","[3, -20, 7, -20, -2, -1]",-19,-57,Not-violated
260,"[12, -6, -1, 11, -16, -5, 9, 6, -5, -10, -1]","[-5, -6, 9, -5, 11, 6, 12, -10, -16, -1, -1]",-57,-171,Not-violated
261,"[-17, 11, 9, -6, 16, -8, 17, -16, -5, 18, -10]","[-6, -5, 18, -16, -10, -17, 17, 9, 16, -8, 11]",11,33,Not-violated
262,"[-15, -6, -19, 16, -7, -14, 7, -12, 10, -11, -19, 19, 7, 19]","[10, -15, 16, -11, -14, 7, -19, -12, 19, -6, -7, 7, -19, 19]",-59,-177,Not-violated
263,"[14, 14, 13, -4, 10, 19]","[10, 19, -4, 14, 13, 14]",15,45,Violated
264,"[0, -9, -3, -6, -14, -2]","[-9, -6, -14, 0, -3, -2]",-92,-276,Violated
265,"[-8, 14, -17, -20, 13]","[13, -20, 14, -8, -17]",-20,-60,Violated
266,"[-18, -4, -14, -12, -7, 19, -19, 17, -14, 16, -10, 12, 6, -15]","[-7, -15, 16, 19, -19, -10, 17, -14, -4, -14, -18, 12, 6, -12]",46,138,Violated
267,"[3, 7, -2, 3, -12, -18, 7, 17, 7, 6, -14]","[3, 7, 3, 7, -14, -2, 7, -18, 17, -12, 6]",-11,-33,Violated
268,"[5, 16, 9, 16, 5, 3, -2, -15, 6, -20, 4, 4]","[5, -15, -20, 3, 6, 4, -2, 4, 9, 16, 5, 16]",1,3,Violated
269,"[8, 16, 13, -5, -6, 1, 17, -2, -14, 6, -2, -8, -8, -20]","[-2, -8, -2, -6, 6, 13, -8, 17, -20, 16, -5, -14, 1, 8]",17,51,Not-violated
270,"[14, -16, 9, 6, 1, 19, -17, -2, -4, 4, -17, 5, 11, -12]","[5, -2, 19, -12, 9, 14, -16, 4, -4, 11, -17, 1, 6, -17]",72,216,Violated
271,"[5, 11, 1, 18, 9, 19, 0, -4, 3, 6, -4, 17]","[17, 19, -4, 9, 5, 1, 6, -4, 0, 18, 11, 3]",6,18,Violated
272,"[-19, 6, 4, 11, 2, -17, 13, -12, -16, -1, 8]","[6, 11, 13, -1, -17, 4, -12, -16, 2, 8, -19]",26,78,Not-violated
273,"[-11, 3, 17, 4, -15, -7, 7]","[4, 17, 3, -15, -7, 7, -11]",105,315,Not-violated
274,"[-20, 3, -10, 8, -15, -4, 0, 9, 1, -9, 5]","[-9, -10, 0, 1, 3, 8, -20, -4, -15, 9, 5]",-25,-75,Violated
275,"[-6, -11, -6, -7, 15, 10]","[15, -11, -7, 10, -6, -6]",51,153,Not-violated
276,"[16, -20, 15, 13, 8, -11, -12, 9, -18]","[-20, 9, -11, 16, 15, 13, 8, -12, -18]",-6,-18,Violated
277,"[5, 13, -20, 5, 9, -5]","[-20, 9, 5, 5, -5, 13]",4,12,Violated
278,"[-19, -12, 19, -2, 3, -5, 8, -14]","[-19, -14, -5, -12, 8, 19, 3, -2]",18,54,Not-violated
279,"[-18, 6, -6, -4, 14, -7, 18, -2, -8, -6, 3, 0, 17, -7]","[-2, 3, -7, -18, 17, 18, 6, -4, -6, -8, 14, -6, 0, -7]",-53,-159,Not-violated
280,"[15, 17, 13]","[15, 13, 17]",12,36,Not-violated
281,"[-18, -12, 0, 0, 8, 5, 8, -12, 9, -13]","[8, -18, 8, 5, 9, 0, -12, -13, -12, 0]",51,153,Not-violated
282,"[6, -18, 5, 11, -15, -7]","[11, -7, -18, 6, -15, 5]",13,39,Violated
283,"[16, -3, 11, 11, 13, 8, 13, 4, -3]","[-3, 13, 13, 11, 11, 16, 4, -3, 8]",10,30,Violated
284,"[-13, 8, -19, -17, -20, 10]","[-19, -13, 8, 10, -20, -17]",-10,-30,Not-violated
285,"[10, -10, -20, -15, -5, 7, 13, -1, 2, 13]","[10, 13, -10, -20, 2, -5, 7, 13, -15, -1]",8,24,Not-violated
286,"[-12, 9, 2, 7, 13, 5, 5, 10, 15]","[13, 15, 2, 5, 5, -12, 10, 7, 9]",45,135,Not-violated
287,"[-19, 6, -16, -6, -14, 15, -10, 2]","[15, -16, -10, 2, -14, 6, -19, -6]",5,15,Violated
288,"[9, -3, 3, 4, 14, 4, -13, -16, -16, -11, 0]","[4, 9, -16, 14, 0, -3, -11, 4, -16, -13, 3]",-70,-210,Violated
289,"[-15, 0, -1, 7]","[-1, 0, 7, -15]",1,3,Not-violated
290,"[11, 2, 6]","[2, 6, 11]",-24,-72,Not-violated
291,"[-3, 13, 7, -8, -10, -8, 11, -1, 16, 19, -6]","[-1, -8, 11, 19, 13, -10, -6, -8, 16, 7, -3]",-1,-3,Violated
292,"[6, -16, -1, -1, -6, 0]","[-16, 6, -1, 0, -1, -6]",17,51,Violated
293,"[-5, 18, 9, -15, 12, -12]","[9, -5, 18, 12, -15, -12]",16,48,Not-violated
294,"[5, 16, -5, 8, 19]","[5, 16, 8, -5, 19]",1,3,Violated
295,"[-4, -4, 2, -3, -7, -19, 14, 15]","[14, 2, -7, -4, 15, -4, -19, -3]",-9,-27,Violated
296,"[19, -19, 13, -8, -7, -14, 4, -17, 14]","[-17, 19, -19, -14, 14, -8, 13, 4, -7]",6,18,Violated
297,"[-6, 9, 18, 3, -1, 9, -20, 7, 10, -2, -8, 12, -16, -7]","[-20, -6, 7, 10, 12, -16, 18, -8, 3, -1, 9, -2, 9, -7]",-17,-51,Violated
298,"[-16, -11, 12, -15, 0, -4, -5, 10, 2, -5, -12, 15, -4]","[12, 10, -15, -5, -4, 15, -4, -12, -11, 0, -5, 2, -16]",17,51,Not-violated
299,"[-7, 12, 19, -9, -3, -9, 2, -18, -19, -16, -14, -19, 9]","[-18, -9, -7, -19, -19, 9, -9, 2, 12, -16, -14, -3, 19]",72,216,Not-violated
300,"[-19, -11, -14, 13, 10, -3]","[10, -19, -11, -14, -3, 13]",40,120,Not-violated
301,"[13, 11, -3, -16, 0, 14, 13, 6, 4, 4]","[11, 0, 13, -3, 4, 4, 13, 6, -16, 14]",-12,-36,Not-violated
302,"[-9, 13, -2, -16, -19, 2, 7, 3, -18, -4, 15]","[7, -18, 2, -4, 15, 3, 13, -2, -9, -16, -19]",32,96,Not-violated
303,"[15, 12, -16, 10, 17, 14, 1, -18, 5, 5, 9]","[15, 1, 12, 17, -18, 5, 14, 9, 10, 5, -16]",36,108,Not-violated
304,"[-17, 5, -18, 9, -15, 5, -10, 13, -16, -1, -18, 11, 17, 13]","[-16, -18, 17, 9, -17, 11, 13, -10, 13, 5, -1, 5, -18, -15]",-28,-84,Violated
305,"[4, 2, 0, -15, 4, -10, 3]","[4, 3, -15, 0, 2, -10, 4]",-62,-186,Violated
306,"[-18, 13, 8, 19, 18, -20, -16, -4, -5, 10, 6, -10, -3, -4]","[-16, -3, -5, 18, -20, -4, -10, 8, 10, -18, 13, 19, 6, -4]",-1,-3,Not-violated
307,"[-9, -5, -4, 18, 2, -14, -2, -10, 3, 5, -18]","[18, -14, -18, 3, -5, -10, -4, -2, -9, 5, 2]",-1,-3,Violated
308,"[11, 16, -4, -13, 11, 14, 1, 6, -17, 10, -10, -8, -17]","[-17, -8, 1, 11, 14, -17, -4, 16, 10, 6, -10, -13, 11]",-2,-6,Violated
309,"[-13, 2, 11, -19, 5, 0, -15, -17, 3, 14, 4, 19, -10]","[-19, 0, 3, 11, -13, -17, -10, -15, 2, 4, 5, 14, 19]",30,90,Not-violated
310,"[-12, -8, 6, -9, -3, 6, 9, 9]","[6, 9, -9, -12, 6, 9, -3, -8]",19,57,Violated
311,"[-6, 16, -5, -1, 5, 13, 9, 0, -1, 1, -20, -17]","[1, 9, -1, 13, 5, 0, -20, -6, -1, 16, -17, -5]",5,15,Not-violated
312,"[-5, -8, 5, 14, 14, -5, -18, 5, 2, -10]","[14, -8, 14, 5, -5, 2, -5, -10, 5, -18]",25,75,Violated
313,"[-9, 15, -15, -10, -7, -13, -18, -15, 3]","[-7, 15, -18, -9, -15, -15, -10, -13, 3]",-28,-84,Violated
314,"[-2, -7, -12, 4, -2, -2, 16, -2, 11, -2, 4, -7, 12, -13]","[-13, -7, 4, -2, 12, 4, 11, -2, 16, -2, -2, -7, -12, -2]",4,12,Not-violated
315,"[-6, -1, 17, 3, 9, 11, 13, -1, -3, -5, -16, -14]","[-5, 13, -16, 17, -3, 11, 9, 3, -6, -1, -14, -1]",43,129,Not-violated
316,"[-4, -20, -8, 16, 8, -6, 7, 14, 0, -5]","[7, -8, -6, -4, 16, 0, -20, 8, -5, 14]",-34,-102,Not-violated
317,"[7, -19, -3, 11, 5, -4, -6, 17, 9, 9]","[-19, -3, -4, 9, 17, 9, 11, -6, 7, 5]",22,66,Not-violated
318,"[-17, 2, 3, -17, 5, -14, -18]","[3, 2, -14, -18, 5, -17, -17]",-51,-153,Violated
319,"[-13, 5, -1, -20, 16, 7]","[7, -20, -1, 16, 5, -13]",10,30,Not-violated
320,"[-6, -18, 10, 12, -17, -12, 5, -12, -2, 15, 11, 5]","[11, -17, 10, 15, -2, -12, 5, 5, -12, -18, 12, -6]",45,135,Not-violated
321,"[-15, -15, 0, -8, 17, 2, -17, 14, 18, -4, -6, 2, 3, 4]","[4, -17, 17, -15, 18, 0, 3, 2, 2, -15, -4, 14, -6, -8]",-14,-42,Not-violated
322,"[-20, 6, -2, 10, -11, -10, -9]","[-9, -2, -10, -11, 6, -20, 10]",10,30,Not-violated
323,"[12, 14, -3, -19, -14]","[-14, -3, -19, 14, 12]",31,93,Not-violated
324,"[-1, 13, -11, -5, 19, 2, -17, -5, -20, -9, -11, 8, -3, -3]","[-11, -17, 2, -3, -1, -5, -20, -11, -9, 19, 13, -5, -3, 8]",-29,-87,Violated
325,"[9, 4, -3]","[9, 4, -3]",18,54,Not-violated
326,"[2, -19, 5, -9]","[-19, 5, 2, -9]",1,3,Not-violated
327,"[-13, -17, -14, 16, 19, -19, 11, -9]","[-19, -9, 11, -14, -13, 16, 19, -17]",5,15,Violated
328,"[-6, 6, -11, -2, -13, 17, 4, 2, 0, -5]","[6, -11, 2, -13, 0, -5, 4, 17, -6, -2]",7,21,Not-violated
329,"[2, 0, -16, -5, 12]","[12, -16, 0, -5, 2]",-23,-69,Violated
330,"[-1, -6, -6, -13, -6, -18]","[-6, -1, -6, -13, -6, -18]",16,48,Not-violated
331,"[18, 1, -1, 3, -5, 1]","[-1, -5, 3, 1, 1, 18]",34,102,Violated
332,"[8, 3, -9, 3, -13]","[3, -13, -9, 3, 8]",-38,-114,Violated
333,"[10, 16, 8, 11, 14]","[14, 10, 8, 11, 16]",-46,-138,Violated
334,"[1, -17, -11, -8, -14, 0, 18, 11, 5, -1, 16, 15, -8, 2]","[18, 11, -8, 0, -17, -11, -1, 15, 5, 1, 2, -14, 16, -8]",0,0,Violated
335,"[-3, -4, 15, -17, -13, 14, -5, 19, 16, 5]","[19, 15, -17, -13, -4, -3, 14, -5, 16, 5]",20,60,Not-violated
336,"[-14, 14, -19, -13, -3, 16, 5]","[-3, -13, -14, 16, -19, 5, 14]",9,27,Not-violated
337,"[16, -17, 2, 1, -13, -7, 2, 16, -18, 12, 12, 17]","[16, 16, 2, 17, -13, -7, 2, -18, 1, 12, -17, 12]",45,135,Violated
338,"[6, -7, -20, 2, 6, -10, 7, 3, -15]","[-20, 6, 3, 7, -10, -15, 6, -7, 2]",-22,-66,Violated
339,"[11, 14, -17, 1, -18, -2, 10, 8, -4]","[11, 8, 1, 10, -2, 14, -17, -18, -4]",-20,-60,Violated
340,"[16, 15, 14, 19, 17, 0, 4, -16, 14, -16, 10, 4, 0, -10]","[4, 19, 0, -16, 10, -16, 17, 14, -10, 15, 0, 14, 4, 16]",3,9,Violated
341,"[14, -13, 17, -8, 9, 8, -4, 10, -18, -5, -14, -17]","[17, -17, 8, -18, -13, -5, 14, 9, -14, 10, -8, -4]",-28,-84,Violated
342,"[-19, 3, 5, 6, -8]","[-8, 6, -19, 3, 5]",-4,-12,Not-violated
343,"[14, -12, -18, -9, -19]","[-19, -9, -18, -12, 14]",13,39,Not-violated
344,"[-15, -7, 0, -14, -8, 5, 10, 16]","[16, -8, 10, 0, -15, -14, 5, -7]",-20,-60,Violated
345,"[9, -4, -11, -8, 19, 17, 5, -2, 12, -17]","[9, -11, -8, -17, -2, 12, 5, 17, 19, -4]",-12,-36,Violated
346,"[-1, 16, 10, 9, -13, -20, -6, -6]","[-6, 10, 16, -20, -6, 9, -13, -1]",-20,-60,Not-violated
347,"[-15, -17, -2, -4]","[-17, -2, -15, -4]",2,6,Violated
348,"[4, 18, 4, -20, -9, -18, 10, -20, 7, 4]","[7, -18, 10, 4, 18, 4, -20, 4, -9, -20]",23,69,Violated
349,"[5, 13, -20, -13, -10]","[-20, 13, -10, -13, 5]",29,87,Not-violated
350,"[6, 6, 10, 16, -12]","[6, 16, 10, -12, 6]",11,33,Not-violated
351,"[1, -17, 14, -6, -16, -10]","[14, -10, -16, 1, -6, -17]",21,63,Not-violated
352,"[7, 12, 2, -1, 9]","[12, 9, 2, -1, 7]",-3,-9,Violated
353,"[-15, 11, 2, 19, -5, -11, -3, 16, 12]","[19, 11, 2, -3, -15, 12, -11, 16, -5]",-43,-129,Violated
354,"[5, -20, 11, -18, -14, -17, 11]","[-17, -14, -18, 11, -20, 5, 11]",-70,-210,Violated
355,"[8, 15, 16, 19, -16, -5, -6, 2, -5, -19]","[-19, 16, 19, 2, 8, 15, -5, -6, -16, -5]",-16,-48,Not-violated
356,"[10, -7, -4, -19, -16, 7, 5, -4, -13, 15, -15, -2, 12, -12]","[-19, -15, -7, -4, 12, 10, -2, -13, 5, -4, -16, -12, 15, 7]",-34,-102,Violated
357,"[8, -7, 16, -3, -20, -3]","[-20, -3, 8, 16, -3, -7]",-4,-12,Violated
358,"[-7, 12, 2, 14, -6, -3]","[-3, -7, 14, 2, 12, -6]",43,129,Not-violated
359,"[7, -20, 9, 1, -6, -13, -15, 11, 4, -4, -18, -2, 9]","[1, -2, 4, -6, -4, 7, 9, -20, -13, 9, -15, 11, -18]",-6,-18,Not-violated
360,"[-6, 8, -10, 4, -15, -7, -8, -6, -14, -5, -15, 5, -9]","[-6, -10, -5, -8, -15, -7, -14, -15, -9, 4, -6, 8, 5]",38,114,Violated
361,"[15, 18, 4, -15, -9, -14, -15, -18, -14, 4, -15, -3, -19, -13]","[-13, -15, 15, -14, -9, 4, -18, -14, 18, -19, -15, 4, -3, -15]",-49,-147,Violated
362,"[15, -19, -8, 13, -17, -8, -2, -20, 3, 5, 11, -12]","[15, 5, -17, -20, 13, 11, -8, -12, 3, -2, -19, -8]",26,78,Not-violated
363,"[17, 10, 11, 5, 17, -7, 19, 1, 15, -8]","[-8, -7, 11, 19, 17, 17, 15, 10, 5, 1]",-18,-54,Violated
364,"[-19, 1, 15, -17, -17, 7, -15, 1, -12]","[1, -19, 7, -17, 1, -12, -17, -15, 15]",25,75,Not-violated
365,"[2, 15, -14, -11]","[2, -11, 15, -14]",-37,-111,Violated
366,"[-1, -18, -20, -6]","[-18, -6, -20, -1]",-37,-111,Violated
367,"[-14, 12, -9]","[-9, 12, -14]",-38,-114,Violated
368,"[10, 6, 5]","[6, 10, 5]",-15,-45,Not-violated
369,"[-14, 16, -2, -12, -12, 10, 16, 3]","[16, 3, -12, 16, -2, -14, 10, -12]",-7,-21,Violated
370,"[16, 16, 6, 9, -8, -7, -11, -19, 13, 15, 9, 9]","[9, 13, -8, 9, 16, -11, 9, 15, -19, -7, 16, 6]",-1,-3,Not-violated
371,"[1, -10, 15, 15, 17, -20, 19, 15, -5, -7, -15]","[17, -5, -10, 15, 1, 15, -20, 15, -7, 19, -15]",-16,-48,Not-violated
372,"[-2, -13, -7, -4, -8, -6, -3, 1, -11, -2, -8, -12, -3]","[-7, -12, -2, -8, -13, -3, -8, -3, 1, -11, -2, -4, -6]",-2,-6,Not-violated
373,"[8, 10, 13, -20]","[-20, 10, 13, 8]",-24,-72,Violated
374,"[-1, -19, -7, -16, -9, 17, 0, -5, -17, 11, -5, 5]","[-7, -1, -16, -17, 5, -5, -19, 0, -9, -5, 11, 17]",-39,-117,Not-violated
375,"[-5, 13, -15, 12, 17, -1, 13, 19]","[13, 19, 13, -5, 12, -15, -1, 17]",-17,-51,Violated
376,"[8, 2, -14]","[8, -14, 2]",-17,-51,Not-violated
377,"[-18, -20, -12, 18, -17, 6, -17, 13, 10, 13, 6, 9, 19, 11]","[9, 13, 10, 11, -18, 18, 6, 13, -12, -17, 6, -20, -17, 19]",36,108,Not-violated
378,"[6, 0, -19, -19, -11, 16, -8, 2, -1]","[6, 0, -8, -11, -19, 2, -19, 16, -1]",25,75,Violated
379,"[1, 6, -17, -8, 13, -8, 19, 9, 0]","[0, -8, 13, 9, -8, 1, 19, 6, -17]",18,54,Not-violated
380,"[-15, 4, -17, -10, -7, 16, 11, 0, -19, 17, 7, -6, 13, 4]","[11, 16, 4, -19, -15, 17, -6, -17, 7, -10, -7, 4, 13, 0]",34,102,Not-violated
381,"[8, 18, 4, -15, -5, -15, -15, 16, -14, 12, 2, 6, 9, -10]","[8, -5, -15, -15, 9, -14, 2, 12, 4, 6, -15, 16, -10, 18]",19,57,Violated
382,"[16, -5, 10, 2, -16, -19, -4, 9, 14, -6, 6, 2]","[14, 16, 6, -5, 2, -16, 10, -19, -4, -6, 9, 2]",-7,-21,Not-violated
383,"[13, -16, -6, -20, -4, 4, 4, -10]","[4, -20, -6, -10, -4, 4, 13, -16]",23,69,Not-violated
384,"[-12, 0, -9, -10]","[0, -10, -9, -12]",-41,-123,Not-violated
385,"[-13, -18, 11, 16, -9]","[-18, -13, -9, 11, 16]",-30,-90,Not-violated
386,"[12, -10, 7, -12]","[12, 7, -10, -12]",27,81,Violated
387,"[-16, 14, 0, -5]","[14, 0, -16, -5]",11,33,Not-violated
388,"[-2, -20, 12, 6, -15, 13, -10, -18, -9, -19, -18, -1, 13, 12]","[-18, -1, 12, -2, -19, 6, -15, -10, -20, -18, 12, 13, -9, 13]",-37,-111,Violated
389,"[16, -19, 19, -18, 12, -7, 4, -4, 7, 14, 12, 13, 17, 5]","[12, -19, 17, -18, -7, 13, 4, 12, 5, 14, 7, 19, -4, 16]",-38,-114,Not-violated
390,"[2, -5, 15, -19, -15]","[-5, -19, -15, 15, 2]",43,129,Violated
391,"[3, 7, -16, -2, -6, -15, 19, 11, 3, 4, 1, 17]","[19, 3, 11, 3, 17, 7, -16, -2, -15, 4, -6, 1]",-12,-36,Violated
392,"[11, 5, 12, -6, 5, -11, 3]","[5, 3, 11, 12, -11, 5, -6]",-32,-96,Violated
393,"[-3, -5, 18, -9, 16, -5, 6, 6, 13, 4]","[6, -3, 4, -9, 13, -5, 16, 6, -5, 18]",6,18,Not-violated
394,"[-8, 15, -2, -6, -4]","[-6, -8, -4, 15, -2]",-8,-24,Not-violated
395,"[-12, 11, -19, -3, -12, 15, -18, 16, -9, 3, -7, 7, -6]","[-6, 11, -19, 7, -12, 16, -12, 15, 3, -9, -3, -7, -18]",36,108,Violated
396,"[3, 7, 13, 17, 9, 12]","[9, 3, 13, 7, 12, 17]",-84,-252,Violated
397,"[3, -3, -10, -9, 18, 17, 7, 17, 15, -10, 13, 7]","[17, 7, 7, -10, 15, 3, -10, 18, 13, -9, 17, -3]",-87,-261,Not-violated
398,"[-13, 2, -8, -18, 2, 11, -1]","[2, 2, -18, -8, 11, -1, -13]",-41,-123,Violated
399,"[17, -15, 6, -5]","[-15, 6, 17, -5]",-32,-96,Not-violated
400,"[1, -7, 14, -11, 18]","[1, 18, -11, -7, 14]",-11,-33,Violated
401,"[6, 4, 3, -1]","[3, 6, 4, -1]",-28,-84,Not-violated
402,"[-5, 9, -7, 11, -8, -18, 3, -4]","[11, -18, 9, -5, -4, 3, -8, -7]",4,12,Not-violated
403,"[18, 6, -15, -20, 18, -15, -18, 9, -20, 5, -12, 15]","[18, 9, 15, -18, 5, -15, -12, -15, 6, 18, -20, -20]",-24,-72,Violated
404,"[9, 1, 19, 10]","[10, 19, 1, 9]",-40,-120,Not-violated
405,"[0, -2, 3, -10, 5, -19, 4, -2, -18, -4, 6, 7, -11]","[-2, 7, -11, 3, 5, -19, 4, -2, -18, -4, 0, -10, 6]",-40,-120,Not-violated
406,"[-6, 9, 17, -18, -1, -13, 5]","[-6, -18, 9, 17, -13, 5, -1]",-27,-81,Violated
407,"[-5, -15, -15, 8, 18, 0, -18, 5]","[-5, 18, -15, -15, 5, 8, -18, 0]",-10,-30,Not-violated
408,"[2, -14, 3, -12, 9, -6, 1, -15, 9, 15, -7, -16]","[9, -16, -14, 2, 1, -7, -15, 15, 9, 3, -6, -12]",3,9,Violated
409,"[-18, -5, 14, -3, -3, 13, 14, -10, -18]","[-18, -18, -3, 13, -5, 14, 14, -10, -3]",-52,-156,Not-violated
410,"[19, 13, -14, 8, -9]","[-9, 13, 8, 19, -14]",-45,-135,Violated
411,"[18, 9, 8, -19, -14, -14, -15, -13, -17, -2, 19, -11]","[18, -14, -13, 19, -17, -2, -14, 9, -15, 8, -11, -19]",-52,-156,Violated
412,"[-19, 17, 19]","[-19, 19, 17]",64,192,Not-violated
413,"[-13, 1, -2, -6, 6, -2, 19, -13, -3, -20]","[1, -13, 6, -2, -20, 19, -6, -13, -3, -2]",-1,-3,Violated
414,"[15, 15, 6, 13, -20, -1, -18, -10, -16, 18]","[-10, 6, 13, -18, -16, 15, 15, -20, 18, -1]",21,63,Violated
415,"[-15, 11, -2, -10, -12, -19, -17, -15, -9, 16, 4, -5]","[-9, -5, 4, -12, -15, -19, -2, 11, -17, 16, -15, -10]",23,69,Not-violated
416,"[1, 9, -8, 3]","[9, 1, 3, -8]",-36,-108,Violated
417,"[19, -12, 4, -5, -6, -15, -11, -13, 15, 15, 9, 0, -17, 2]","[9, -12, 15, -17, 19, 4, -13, -5, -15, -6, -11, 15, 2, 0]",-31,-93,Violated
418,"[-16, -9, 17, 9, 1, 2, 11, 6, -19, -7, 7, -10, -16]","[-16, 1, 7, -9, 2, -7, -19, 9, -10, 17, 11, 6, -16]",-14,-42,Not-violated
419,"[17, 19, -9, -9, -20, 3, 11]","[-9, -20, 11, 17, -9, 3, 19]",-53,-159,Not-violated
420,"[-14, -12, 18, 1, 6]","[6, -12, -14, 18, 1]",-8,-24,Violated
421,"[19, -3, 1, 17, 1, 10, -3, -5, 19, 18, 9, -7, 0, 17]","[1, -5, 17, -3, 18, 19, 9, 0, 10, -3, 19, -7, 1, 17]",-42,-126,Violated
422,"[12, 5, -19, -12, 8, -15]","[8, 12, 5, -19, -15, -12]",-47,-141,Violated
423,"[-11, 3, -3, -20, -1, -1, -5]","[-11, -1, 3, -3, -20, -1, -5]",9,27,Violated
424,"[-15, -15, -12, -13, -7, -9, -13, -5, 9, -12]","[-7, -13, -5, -12, 9, -12, -13, -9, -15, -15]",-16,-48,Not-violated
425,"[14, 18, 13, -7, -13, -20, -4]","[-20, 13, -7, 14, 18, -13, -4]",-2,-6,Violated
426,"[8, 9, 12, -16]","[8, -16, 9, 12]",-41,-123,Violated
427,"[5, -14, -7, -12, 8, -17, -1, 1, -1, 5, 8, 16]","[5, -1, 1, -14, -1, -7, 16, 8, 8, -12, 5, -17]",-29,-87,Violated
428,"[10, 9, -2, 9, 19]","[9, 10, 19, -2, 9]",-6,-18,Violated
429,"[7, 1, 1, 10, -5]","[1, 7, -5, 1, 10]",38,114,Not-violated
430,"[6, -20, 2, -11, -15, 0, 6, -4]","[-15, 6, -11, 6, 2, -4, 0, -20]",3,9,Violated
431,"[-10, -10, -17, -20, 10]","[-20, -10, -10, 10, -17]",-13,-39,Violated
432,"[8, 18, 2, -6, 4, 19, 2]","[2, 8, -6, 2, 4, 18, 19]",-17,-51,Violated
433,"[-13, -10, 16, -15, -11, -11, 17, 7]","[17, -11, -10, 7, -11, -15, -13, 16]",-2,-6,Not-violated
434,"[6, -12, -18, -17, -11, 3, -14, 14, -10, -18, 9, 5]","[14, 6, -17, 9, -18, -11, -14, -12, -10, 3, 5, -18]",-43,-129,Violated
435,"[9, -4, 14, 5]","[5, 9, -4, 14]",9,27,Not-violated
436,"[-15, -8, 6, -15, -4, -18, -13, -9, 1]","[-15, -13, -9, -4, 1, -18, -8, 6, -15]",0,0,Not-violated
437,"[13, 3, -1, 14, 10, 3, -10, 0]","[3, -1, -10, 10, 0, 3, 13, 14]",-57,-171,Not-violated
438,"[-12, 10, -15, 10]","[10, -12, 10, -15]",-145,-435,Violated
439,"[1, 15, -9, 5, 14, 12, -7, 1, -4]","[12, 5, -4, -9, 15, 1, -7, 1, 14]",59,177,Not-violated
440,"[16, 8, 10, 18, -6, -2, 0, -10, 13, -4]","[13, -10, -4, 16, 8, 18, -2, 10, -6, 0]",-1,-3,Not-violated
441,"[19, 17, -11, -4, 18, -10, 15, 6, -1, 8, -4, -5]","[17, -1, -10, 15, 18, 19, -4, 8, 6, -4, -5, -11]",-30,-90,Violated
442,"[-1, -11, -2, 1, -11, 17, -18, -16, -7]","[17, -7, -11, -18, 1, -2, -11, -1, -16]",14,42,Not-violated
443,"[18, 11, -18, 12, -5, 11, -8, -20, -15]","[12, 11, 11, 18, -5, -18, -8, -20, -15]",-30,-90,Violated
444,"[-19, -2, 17, -4, -13, 10, 17]","[-4, -13, 17, -19, -2, 17, 10]",-48,-144,Not-violated
445,"[-4, 10, 17, 10, 11, 9, 18, -7]","[11, 9, 17, 10, 18, 10, -4, -7]",-26,-78,Not-violated
446,"[-11, -6, -15, -11, 13, 19, -1, -9, -3, 11, 16]","[-15, -6, 13, 16, -3, -11, -11, -1, 11, 19, -9]",29,87,Violated
447,"[-7, -14, 15, 4, -11, -19, 8, -13, -9]","[-14, -9, -7, 8, -11, 4, 15, -19, -13]",22,66,Violated
448,"[-15, -19, -14, -18, -14, 7]","[-18, -15, -19, -14, -14, 7]",0,0,Violated
449,"[3, -7, 3, 15, 17, -12, -7, -16, 3, -9, -1, -12]","[-9, -7, 3, 17, 3, 3, -7, -16, -12, 15, -12, -1]",-65,-195,Violated
450,"[13, 14, 15, 18, 2, 6, -16, 10, -8, 15]","[-8, 13, 15, 15, -16, 18, 6, 14, 2, 10]",-37,-111,Violated
451,"[-14, -2, 3, -13, -13, 3, 8, -4, 13, 9, -1, 7, 13]","[13, 9, -2, 8, -13, 13, -4, -1, -14, 3, 3, 7, -13]",-22,-66,Violated
452,"[18, 15, -5, 13, 11, -14, 7, 19, 19, -4, 13, 15, -18, -18]","[-18, 15, -14, 11, 7, 13, 19, -4, 13, -18, 19, -5, 15, 18]",-2,-6,Not-violated
453,"[-3, -13, -12, 6, 12, -11, -5, -13, -17, 6, -16, -12]","[6, -13, -13, -12, -16, -3, -12, 6, -5, 12, -17, -11]",-6,-18,Violated
454,"[0, 2, 8, 2, -19, -19, -10, 16, -2]","[-19, 2, 8, 2, 16, -2, 0, -10, -19]",-27,-81,Violated
455,"[5, 5, -19, -20, 10, -14, 6, -14, -1, 18, -4, 13, -16, 5]","[10, -14, 6, 5, 5, -20, -1, -4, 18, 5, -19, -14, 13, -16]",-4,-12,Not-violated
456,"[-13, -6, -20, -19, -18, 14, 4]","[4, -13, -18, -6, -19, 14, -20]",-16,-48,Violated
457,"[18, -2, 2, -17, 9, -6, 16]","[2, 18, 16, -17, 9, -6, -2]",28,84,Violated
458,"[13, 3, 10, -2, -20, -1, -17, -8, -7, -10, 7, -20, 14, -3]","[-1, -10, -20, 10, -20, 7, -2, 3, -17, -8, 13, -7, 14, -3]",12,36,Not-violated
459,"[-1, -3, -6, -11, -7, -4, -17, 3]","[-7, -11, -1, -4, -17, 3, -6, -3]",15,45,Violated
460,"[-16, 9, -1, -16, 11, 19, 3]","[-16, -16, 3, -1, 19, 11, 9]",-2,-6,Violated
461,"[11, 8, 0, 1, -10, -19, -18]","[-18, 11, -10, 8, 0, 1, -19]",-52,-156,Not-violated
462,"[15, 6, -18, 13, 15, -20, -4, -17, 6, -20, -2, 9, 4]","[4, 9, 6, 13, 15, 15, 6, -18, -2, -4, -20, -17, -20]",-9,-27,Violated
463,"[-4, 11, 1, 18, 8, 8, -14, 8, 15]","[11, 15, 1, -4, 8, 18, 8, -14, 8]",39,117,Not-violated
464,"[-19, -13, -6]","[-13, -6, -19]",-4,-12,Not-violated
465,"[-2, 1, 10]","[-2, 10, 1]",-120,-360,Violated
466,"[-17, -2, 6, -19, 15, -1, 11, 3, -11, -2, -4, 17, 4, 8]","[-2, 17, -2, 15, -19, 3, -1, -11, 8, -17, 4, 6, -4, 11]",7,21,Not-violated
467,"[5, 1, 16, -7, 9, 18, 8, 2, -11, -20]","[-11, 16, 1, -20, 8, 9, -7, 18, 2, 5]",52,156,Not-violated
468,"[3, 16, -6, 17, -14, 17, -1, 8, -3, -18, 15]","[-14, 8, 17, 17, 3, -1, -18, -3, -6, 16, 15]",74,222,Not-violated
469,"[0, -19, -3, 10, 17, -11, -7, 11, -9, -4, -10, 1, -8]","[10, 17, -3, 11, -7, -11, -8, 1, -19, -4, 0, -9, -10]",-4,-12,Violated
470,"[13, -16, -3, -20, 1, 14, 7, -11, 13, -17, -8, 7, 14]","[14, 13, 7, -20, 1, -16, 13, -8, -3, 7, -17, 14, -11]",7,21,Not-violated
471,"[-15, -6, 9, -9, 11, 14, -4]","[-4, 9, 14, -6, 11, -15, -9]",8,24,Violated
472,"[4, 16, 9, -11, -13, 8, 13, -18, -1, -7, -4, -3, -3]","[-3, -3, -1, -7, -4, -11, 9, 16, 4, -18, -13, 13, 8]",7,21,Violated
473,"[13, 4, -11, -6, -18, -2, 2, -8, 1, -4, 2, 1, -10, -1]","[-6, 2, 1, 4, -10, -2, -18, 13, -4, -8, -1, 2, -11, 1]",-31,-93,Violated
474,"[17, -16, 3, -20]","[-16, -20, 17, 3]",28,84,Not-violated
475,"[8, 10, 13, -14, 18, -20]","[13, -14, 10, -20, 18, 8]",25,75,Not-violated
476,"[-15, 14, 19, 2, 13, 13, -5, 19]","[13, -15, 19, 14, 2, 19, -5, 13]",-13,-39,Violated
477,"[-1, 19, 11, 13, -18, 1, -10, -17, -17, 11, 6, 9]","[-17, -18, 11, 1, 9, 19, 11, 13, -17, 6, -10, -1]",-7,-21,Not-violated
478,"[19, 9, -7, 19, -1]","[-1, 19, -7, 19, 9]",28,84,Violated
479,"[15, 4, -8, -6, -3, 5, -12, 2, -6, 9, -6, -4, -16, -19]","[4, -4, -8, -3, -6, 5, 9, 2, -6, 15, -6, -12, -19, -16]",-26,-78,Not-violated
480,"[-10, 10, -17, -14, -14, 8, 7]","[-14, -10, 8, -14, 7, -17, 10]",-25,-75,Violated
481,"[8, -7, 16, -20, 18, -9]","[-20, 16, -7, -9, 18, 8]",38,114,Not-violated
482,"[16, -4, 15, -16, -16, 11, 6, 11, 3, 3, -14, -9, -16]","[3, -4, 15, 16, -16, -14, -9, 11, -16, 6, 3, -16, 11]",90,270,Not-violated
483,"[11, -5, -12, -4, -6, -9, 18, 12, 9]","[-9, 11, 9, -4, 18, -5, 12, -12, -6]",46,138,Violated
484,"[-19, -20, 2, 4, 17, 5, -6, 7]","[4, 5, -6, -19, 17, 7, -20, 2]",-17,-51,Not-violated
485,"[-3, -18, -10, 19, 14, -7, 1, -15, -16, -1]","[-10, 19, -16, 14, -18, -7, -1, -3, -15, 1]",-64,-192,Violated
486,"[7, 19, 5]","[7, 19, 5]",16,48,Violated
487,"[-8, -7, 0, -14, -20, 14, 18, -5]","[-14, 18, -20, -8, 14, -5, -7, 0]",-1,-3,Violated
488,"[-19, 4, 5, 17, -1, 15, 18, -3, 8, 18, 8]","[8, 5, -19, 18, -3, 17, 18, 15, 8, 4, -1]",-106,-318,Violated
489,"[15, -9, 13, -5, 6, 19, -11, -3, 3]","[-3, 13, 19, 3, -11, 15, -5, 6, -9]",30,90,Violated
490,"[5, 4, -15]","[4, -15, 5]",-14,-42,Not-violated
491,"[0, 2, -4, -8, -15, 0, 16, -16, 6, -20, 5, -6]","[0, 2, -15, -16, 6, -4, -20, 5, -8, 16, 0, -6]",65,195,Violated
492,"[7, -20, -17, -14]","[-14, -17, 7, -20]",11,33,Violated
493,"[-16, -11, -17, 19, 1, -17, 11, 8, -19]","[1, 8, 19, -17, -11, -19, 11, -16, -17]",7,21,Violated
494,"[8, -10, -3, 10, 9, -18, 18, 4, 16]","[-10, -18, 10, 16, 4, -3, 8, 18, 9]",-15,-45,Violated
495,"[-5, 4, -4, -9, -16, 3]","[-9, 3, -16, -4, -5, 4]",13,39,Violated
496,"[-13, -4, -19, -5, 9, 18, -19, -10, 19]","[-19, 19, -5, -4, 18, 9, -10, -13, -19]",-17,-51,Violated
497,"[18, -2, 4, -12, 18, -5, 15, 2, 6, -3, 17, -3, 17, 1]","[-2, -3, 18, 1, 18, -5, -12, 17, 6, 15, 2, 4, 17, -3]",0,0,Not-violated
498,"[10, -11, 16, -8, 4, -10, 14, -5, -11, 2, 15, 2, 9]","[9, -10, -11, -5, 16, 10, 15, -11, 4, 2, -8, 14, 2]",20,60,Violated
499,"[13, -7, -15, 11, 12, -17, -11]","[12, -7, 13, -15, -11, 11, -17]",31,93,Not-violated
500,"[6, -13, 16, 7, -12]","[6, 7, -13, -12, 16]",-30,-90,Not-violated
501,"[3, -12, 0, 14, -6, -7, -4, 8, 0]","[3, 0, -6, 14, 8, 0, -7, -4, -12]",26,78,Violated
502,"[-12, 6, -10, -19, -1, 13, -1, -18, 6]","[-18, -1, -19, 13, -1, -12, 6, -10, 6]",1,3,Not-violated
503,"[18, -7, 10, 4, -11, 5, -3, 1, 8, -1, 8, -2, -1]","[4, 18, 8, -3, 1, -2, 5, 10, -11, 8, -1, -7, -1]",14,42,Violated
504,"[6, -6, 3]","[3, -6, 6]",36,108,Not-violated
505,"[8, 11, -9, -11, 16]","[-9, -11, 11, 8, 16]",24,72,Not-violated
506,"[6, -15, 4, 5, -9, 0, 0, -5, 15, -1, -9, 16, 19, -7]","[-9, 16, 0, 19, 5, -1, 0, 15, -15, 6, -9, -7, -5, 4]",15,45,Not-violated
507,"[-20, 8, 6, 17, -13, -8, 9]","[8, -13, 17, -8, 9, 6, -20]",-13,-39,Violated
508,"[-19, -15, -20, -5, 9]","[-20, -5, -19, 9, -15]",-5,-15,Violated
509,"[-8, 7, -17, 16]","[-8, -17, 16, 7]",46,138,Not-violated
510,"[13, -15, -17, 7, 0, -11, 5, -19, 7, 6, -15, -5, 0, -10]","[-5, 0, -10, 6, 7, -15, 0, 13, 7, -19, -17, -11, 5, -15]",6,18,Violated
511,"[1, 16, 12, 12, -11, -9, -5]","[-5, 16, 12, 12, -9, 1, -11]",-17,-51,Violated
512,"[-18, 4, -12, 16, -6, -8, -1, -19, 17, -11, -17, 19, 12]","[-19, -18, 19, -17, -8, 12, -11, 4, -12, 16, 17, -1, -6]",-23,-69,Violated
513,"[-7, -3, -12, -6, 17, 4, 15]","[-7, 15, 17, -3, -12, -6, 4]",0,0,Not-violated
514,"[-19, 15, -5, 1, -14, 3, 9]","[3, 1, 9, 15, -5, -19, -14]",0,0,Not-violated
515,"[-14, -6, 3, -8, 8, -10, -9, -15]","[8, -9, -8, -14, -15, 3, -10, -6]",-23,-69,Not-violated
516,"[-17, 5, -15, 14, -13, -14, 17, 19, -12, -2]","[-2, -14, 5, -15, -13, 19, -12, 17, 14, -17]",21,63,Violated
517,"[15, 15, -8, -5, 7, 17, 5, 0, -7, -10, 7, -17, 8]","[8, 5, -5, 17, -17, 15, 0, -10, 7, -8, -7, 15, 7]",-16,-48,Not-violated
518,"[14, 18, 14, -10, -6]","[14, 18, -10, 14, -6]",-1,-3,Violated
519,"[-10, 2, -12, 8, -15, -3, 15, -11, -9, 2, 7]","[-10, -12, -3, 7, 2, 8, -11, -9, -15, 2, 15]",23,69,Not-violated
520,"[18, 6, -5, 8, 18, -7, 19]","[-5, -7, 18, 6, 18, 8, 19]",13,39,Violated
521,"[-18, 15, 10, 17, -15, 6]","[6, 10, -18, 17, 15, -15]",-125,-375,Violated
522,"[13, -10, 2, -3, 9, 7, -14, 8]","[-10, 13, 8, 7, 2, 9, -3, -14]",-39,-117,Violated
523,"[-7, 18, -6, -12]","[18, -6, -7, -12]",-12,-36,Not-violated
524,"[-3, -11, -15, -14, -6, 4, 4, 19, 2]","[19, 2, -6, -14, -3, -11, 4, 4, -15]",-99,-297,Violated
525,"[-13, -18, -19, -11, -11, 2, -8]","[-11, -11, -18, -19, -8, 2, -13]",25,75,Not-violated
526,"[6, 14, 5, -8, 17, -15, -5, 17]","[17, -5, 17, -8, 5, 14, -15, 6]",30,90,Violated
527,"[-12, 9, 4, 1, -15, 17, 15, 0, -12]","[15, -12, 9, -15, 17, 1, 0, -12, 4]",27,81,Violated
528,"[1, 2, 17, -19, 3, 11, -13, -13]","[3, 11, -13, 2, -19, 1, -13, 17]",17,51,Not-violated
529,"[-14, -12, -3, 9, 2, -12, -15, -5, 12, 6, 9]","[2, -5, -3, -12, 6, -14, 9, -15, 12, -12, 9]",14,42,Violated
530,"[6, -20, 8, -18, -16]","[6, -18, -16, -20, 8]",47,141,Not-violated
531,"[-11, 2, 19, -8, 4, -3, 10, 17]","[10, 19, 17, -3, -8, 4, 2, -11]",-8,-24,Violated
532,"[19, -20, -10, 3, 13, -1]","[3, -10, 19, -20, 13, -1]",67,201,Not-violated
533,"[-11, 18, 14, 6, -18, 0, 10, 1, 16, 0, -11, 2, 6, -15]","[6, -11, 0, -11, 2, -15, 18, 6, 14, 10, 1, -18, 16, 0]",1,3,Not-violated
534,"[-3, -5, 12]","[12, -3, -5]",33,99,Not-violated
535,"[13, 10, 0, 16, -9, -17, -1, 2, -4, 3]","[3, 13, 10, 16, -17, 2, -9, 0, -1, -4]",33,99,Not-violated
536,"[-12, -16, -15, 11, 0, 3, 4, -16, 18, -17]","[-15, -12, 18, 3, -16, 11, -16, 0, -17, 4]",17,51,Not-violated
537,"[1, -19, 7, -1, 1]","[-19, 1, 1, 7, -1]",-7,-21,Not-violated
538,"[-2, -11, 8, -2, 18]","[-2, 8, -11, 18, -2]",-37,-111,Violated
539,"[14, -10, -20, -13, 15, -16, 10, -2, -13, 3, 19, 7, -3, -14]","[19, -14, 7, 15, -10, 14, -3, -16, -13, -20, -13, 10, -2, 3]",3,9,Violated
540,"[-17, -13, -15, -11, -7, 12, -5, -20, -20]","[12, -13, -11, -20, -20, -15, -7, -5, -17]",4,12,Violated
541,"[-13, 4, 18, 3, -3, -4, 10, 2, 6, 10, 0, 4, 5]","[10, 3, 4, -4, -13, 0, 6, -3, 4, 2, 10, 18, 5]",-39,-117,Not-violated
542,"[-5, 18, -18, 14, -13, -12, 14, 2, 0, -1, -9]","[0, -9, 14, -5, -12, 18, 14, -18, -1, 2, -13]",-31,-93,Violated
543,"[-12, 5, 11, 9, -4, 16]","[-12, 5, 9, -4, 11, 16]",37,111,Not-violated
544,"[-5, -9, -5, -3, -18, -6, 3]","[-5, -5, -18, 3, -6, -3, -9]",3,9,Not-violated
545,"[-12, -19, 19, 4, -12, -1, 17, -19, -10]","[-19, -10, -12, -1, -19, 17, 19, -12, 4]",23,69,Not-violated
546,"[13, -6, 7, -14, -8, 5, 18, 17, -4, -10, 1, -8]","[7, -8, 18, -4, -6, -14, 1, 13, 5, 17, -10, -8]",-38,-114,Not-violated
547,"[10, -5, 6, -16, 8, 1, 3, -2, -8, 7, -1, 0, 16, -18]","[1, -5, -1, 10, 16, 8, 3, 0, -2, 6, -8, 7, -16, -18]",-42,-126,Violated
548,"[-11, -13, -5, 17, -20]","[-20, 17, -5, -13, -11]",-73,-219,Violated
549,"[-13, 11, 12, -20, 12, 7, -10, 0, 19, 0, -4, -12, 5]","[7, 12, -20, 0, -13, 12, -4, 19, -10, 11, -12, 5, 0]",-15,-45,Not-violated
550,"[-20, -11, 4]","[4, -11, -20]",38,114,Not-violated
551,"[-8, 8, 12, 12, -15, -12, 11, 19]","[12, -8, 8, 19, 12, -15, 11, -12]",-54,-162,Violated
552,"[-2, 12, 9, -1, -3, 5, 11, -18, 5, -19, -12, 8, -3]","[12, 5, 9, -19, -3, -2, -3, 11, 5, -12, -18, 8, -1]",70,210,Not-violated
553,"[-4, 1, -15, 11, -6, -7, -20, 7, -13, 6, 5]","[-13, -7, 11, 1, 6, 5, -20, -4, -6, 7, -15]",-20,-60,Not-violated
554,"[7, 19, 18, -18, -5, 1, -20, -15]","[-18, -5, -20, 1, -15, 7, 19, 18]",8,24,Violated
555,"[-11, -10, -12, 10, -5, 14, 14, -9, -14, 12]","[-12, -11, -9, -10, 12, -14, 14, 10, -5, 14]",22,66,Not-violated
556,"[17, -19, 4, 2, 15, 5, 18, 3, 6, -15, -11]","[18, -19, 2, 17, 5, -15, -11, 3, 6, 4, 15]",17,51,Not-violated
557,"[-17, -17, 11, -20, 4, -5, 9, 14, 8, -19, -12]","[-17, 14, 4, -5, 8, 9, -19, 11, -17, -12, -20]",-1,-3,Not-violated
558,"[-5, -8, -19]","[-8, -5, -19]",62,186,Not-violated
559,"[4, 1, -13, 0, -3, -13]","[-3, -13, 4, -13, 1, 0]",8,24,Violated
560,"[-18, -11, 8, -3, -4, -16, 9, -17]","[9, -3, -17, 8, -11, -18, -16, -4]",11,33,Not-violated
561,"[-7, -19, 13]","[-7, 13, -19]",-18,-54,Violated
562,"[16, -9, 11, 16, -10, 15]","[11, 16, 15, 16, -10, -9]",7,21,Violated
563,"[3, 0, 18, 3, 10, 18, 18, 8, 19, -9, 12, 0, 18]","[10, 0, 8, 3, 18, 18, -9, 19, 3, 18, 18, 12, 0]",-2,-6,Violated
564,"[2, 16, -20, -20, -15, -2, 3, 6, -19]","[3, 16, -2, 2, -19, 6, -20, -15, -20]",48,144,Not-violated
565,"[-16, 16, -18, -15, 17, 8, 10, 15, 5, -3, -1, 12]","[16, -15, -16, 5, -3, -1, 17, -18, 15, 10, 8, 12]",-16,-48,Not-violated
566,"[8, -10, -18, -16, 8, -20, 6, 5]","[-16, 6, 5, 8, -10, 8, -20, -18]",33,99,Violated
567,"[-14, -3, -16]","[-14, -16, -3]",-36,-108,Not-violated
568,"[-14, 6, 14, -13, 19, -14, 10, 13, 13]","[6, 19, -13, 10, -14, 13, 14, -14, 13]",7,21,Not-violated
569,"[17, -7, -19, -9, -19, -2, 6, 3, -7, 1, -13, 11, 11]","[-19, -7, 1, 6, 11, -9, 3, -19, -13, -2, -7, 17, 11]",-32,-96,Violated
570,"[1, 9, -19, 17, -8, 11, 8, -3, 8, 15, 12]","[12, -19, 8, -3, 1, 8, 15, 9, 11, -8, 17]",-53,-159,Violated
571,"[-16, -13, -19, -13]","[-13, -13, -16, -19]",48,144,Not-violated
572,"[4, -20, 0, -1, 3]","[4, -20, 0, 3, -1]",54,162,Not-violated
573,"[11, 11, -17, 8, -15, 13]","[-15, 13, 11, 11, -17, 8]",-12,-36,Not-violated
574,"[-15, -3, -2, -4]","[-4, -15, -2, -3]",53,159,Not-violated
575,"[11, -12, 12, -19, 14, 14]","[12, 14, -19, 11, 14, -12]",-56,-168,Violated
576,"[-12, -10, 9, 13, 17]","[17, -10, 9, 13, -12]",54,162,Violated
577,"[-19, -13, -6, -15, 18]","[-6, 18, -15, -19, -13]",-41,-123,Violated
578,"[-3, 15, -8, -4, 2, -11, -20, 7, 17, 11, 10, 19]","[-3, -4, 11, -8, -20, 15, 17, 10, 2, -11, 19, 7]",-7,-21,Not-violated
579,"[-2, -19, 11, 0]","[-2, 11, 0, -19]",-44,-132,Not-violated
580,"[-8, 12, 14, 1, -2, 0, -7, -18, -15, 5, -4, 8, 11]","[-15, -7, -18, -8, 12, -2, -4, 1, 0, 14, 8, 5, 11]",-5,-15,Violated
581,"[-15, 13, 4, -2, -16, -19, 8, 19, 5, -3, -3, 7, 18, 14]","[13, -19, 7, -15, 18, -16, 5, -2, -3, 8, 19, 14, -3, 4]",-59,-177,Not-violated
582,"[10, -5, -6, -17, -18, -16, -12, 7]","[-6, -17, 10, -5, -12, 7, -16, -18]",29,87,Not-violated
583,"[-12, -7, -18, 5, 11, -3, 2, 4, -10, -15, -3, 15, 11]","[-15, -12, 4, -3, -18, 11, -7, -3, 5, 11, 15, -10, 2]",3,9,Not-violated
584,"[18, -7, -17, 13, -19, 16, -14, 5]","[-7, -19, 18, -17, 13, 5, 16, -14]",-24,-72,Violated
585,"[-18, -2, -16, -11, -14, 7, 13, -2, 9]","[-16, 7, -2, -18, -11, -14, -2, 13, 9]",-17,-51,Not-violated
586,"[-2, 17, 8, -16, 1, 18, -11, -1, 8, -4, 0]","[18, 8, -2, 1, -16, 8, 17, -1, -11, 0, -4]",-5,-15,Violated
587,"[-20, 1, -12]","[1, -12, -20]",10,30,Not-violated
588,"[-5, 2, -11, -8, -4, -9, -16, 19, 8, -2]","[-11, -5, -9, -16, 2, -4, -2, 19, 8, -8]",-33,-99,Violated
589,"[0, -1, -3, -7, -10, -12, 19, 12, 1, -13, 11, -20]","[-13, -7, 0, -10, 1, 11, -12, 19, -20, -3, -1, 12]",50,150,Not-violated
590,"[8, -17, -12, 8, 13, -9, 4, -13, 7, 12, 1]","[7, 8, 1, 12, -9, 13, -17, -12, 8, -13, 4]",-49,-147,Violated
591,"[-1, 7, 10, -18, -6, -18, 7, 12, -14, 10]","[10, 10, -18, 12, 7, -6, 7, -18, -1, -14]",-40,-120,Violated
592,"[-13, -8, 2, -5, 14, 3, 5, 18, -4, 3, -17, 8, -17, -14]","[18, -8, -4, 14, 5, -14, 8, -13, -5, 2, 3, -17, 3, -17]",-17,-51,Violated
593,"[-16, 15, -10, -16, 6, 19, 0, 19, 12, -10, -8, -14, -5]","[-16, -10, 19, -5, 0, -10, 19, 6, 12, -14, -16, 15, -8]",-23,-69,Violated
594,"[-13, -15, 16, 2, 5, 18, 13, -17, 19]","[13, -15, 18, 16, 5, -17, -13, 2, 19]",20,60,Not-violated
595,"[3, -4, -19, 9, -19, -13, 1]","[1, -19, 3, -13, 9, -19, -4]",-1,-3,Not-violated
596,"[-4, -12, 17, 18, -4, -5, 1, 3, -16, 9, -5, 10, 13]","[-16, -4, 13, 17, -5, -5, 18, 9, 1, 3, -12, 10, -4]",-19,-57,Violated
597,"[11, 5, -2, -10, 10]","[-10, 10, -2, 11, 5]",10,30,Not-violated
598,"[-3, 12, -1, -6]","[12, -6, -3, -1]",60,180,Not-violated
599,"[10, -6, 6]","[10, 6, -6]",13,39,Violated
600,"[17, -2, -11, 19, 7, 6, 18, 4]","[17, 19, -11, 7, -2, 6, 4, 18]",32,96,Violated
601,"[4, -11, -20, 7, -6, 18, -5, 0, -7]","[-20, 7, -5, 0, -7, 18, -11, -6, 4]",21,63,Violated
602,"[-5, 5, -18, -8, 1, 11, -1, 14, 2, -17, 15, 6, 5, -5]","[6, -8, 2, -17, 1, -5, -1, 15, 14, -18, 5, 11, -5, 5]",-26,-78,Violated
603,"[2, -14, 2, -3, -1, 17, -18, 1, 13, 2, -14]","[2, 2, 17, -18, 13, 2, 1, -14, -3, -14, -1]",-68,-204,Violated
604,"[-14, -6, -12, 17, 6, -17, -5, 8, -4]","[-17, -5, 6, -14, -12, -6, -4, 17, 8]",-22,-66,Not-violated
605,"[-8, 1, -8, -2]","[-8, 1, -8, -2]",8,24,Not-violated
606,"[1, 12, -7, -13, 10, 0, -17, -6, -15, -7, -9, 9]","[12, -6, 9, -17, -7, -7, -15, 0, -9, -13, 10, 1]",12,36,Violated
607,"[16, -9, 3, 6, 0, 8, -19]","[-9, 0, 6, 3, 16, 8, -19]",57,171,Not-violated
608,"[2, 4, -9, -1, 19, 17, 18, -8, -6, 15]","[-6, 4, -8, 15, -1, 17, 18, -9, 19, 2]",51,153,Not-violated
609,"[13, -10, 15, 7, -9, -14]","[-9, -14, -10, 15, 13, 7]",-33,-99,Violated
610,"[-8, -5, -4, 18, 16, 8, 17, -17, -11, 6, 19, 0, -8, -16]","[0, -16, -5, -8, -17, 16, 18, 17, 19, 6, -8, -4, 8, -11]",2,6,Violated
611,"[15, -18, -13, -11, -20, -4, 10, 6]","[-20, -18, 6, -13, -4, 10, -11, 15]",-16,-48,Not-violated
612,"[8, 18, 5, -9, 14, 18, 11, 19, -15, -13, 0, 8, 17, -18]","[17, -13, 18, 8, 11, 19, -9, -18, 18, -15, 5, 0, 14, 8]",-88,-264,Violated
613,"[-6, 3, -17]","[-6, 3, -17]",16,48,Not-violated
614,"[11, 13, -10, -17, -19, -1, 12, 8, -4]","[-4, 8, -10, -1, 13, 12, -19, -17, 11]",26,78,Not-violated
615,"[14, 18, -14]","[-14, 14, 18]",8,24,Not-violated
616,"[18, -18, 2, -4, 14]","[-4, 14, 18, 2, -18]",-20,-60,Violated
617,"[-18, -15, 4, -20]","[4, -20, -15, -18]",-39,-117,Violated
618,"[-17, -2, -10, -5]","[-10, -2, -17, -5]",34,102,Not-violated
619,"[4, -3, -14, 3, -13, -19, 1, -11]","[-13, 4, -11, -3, 1, 3, -19, -14]",-26,-78,Violated
620,"[-20, 17, 9, -4, 8, -2, -14, -19, 17, -4, 15, -14, -14]","[9, -2, -20, -4, 17, -14, -19, -14, -14, 15, 17, -4, 8]",0,0,Not-violated
621,"[-5, 13, 6, -15, 18, 16, 8, 1, -20, -16]","[-15, 18, -5, 1, 8, 6, -16, 13, 16, -20]",-52,-156,Violated
622,"[-11, -14, -14, 9, 1, 5, -16]","[9, -11, 5, -16, -14, -14, 1]",-32,-96,Violated
623,"[-4, 5, 8, 8, 13, 4, 9, 0]","[-4, 13, 0, 4, 8, 5, 8, 9]",-54,-162,Violated
624,"[9, -11, 12, -1, 6, 13, 11, -20, -7]","[-7, -11, -1, 13, 6, -20, 9, 12, 11]",17,51,Violated
625,"[-3, 13, -12, 9, -5, 15, 16, 3, 0, -10, -1]","[-3, 15, -10, 13, 9, 0, 3, 16, -1, -12, -5]",-62,-186,Violated
626,"[-4, 9, 15, 6, -16, -1, -10, -6, -2, 9, -20, -19, 17]","[9, -2, 15, -19, 17, -20, -16, 6, -10, -4, -1, 9, -6]",-23,-69,Violated
627,"[10, 19, -16, -3, 8, 2, 1, 14, -1]","[-16, 14, 10, -1, 2, 1, 8, 19, -3]",14,42,Violated
628,"[-17, -12, 17, -18, -16, 13]","[-16, 17, -17, -12, -18, 13]",12,36,Not-violated
629,"[4, -16, -11, 6, -6, -6]","[6, -16, 4, -11, -6, -6]",-21,-63,Not-violated
630,"[16, -13, -1, 4, -16, 16, 6, 14, 19, -15, 18, 12, -12]","[16, 6, -16, -1, 16, -13, 12, 4, 18, -15, -12, 19, 14]",48,144,Not-violated
631,"[0, -4, -19, -15, 6, -5, 5, 10]","[-5, 6, 5, -19, 10, 0, -15, -4]",-48,-144,Violated
632,"[2, 1, -9, 19, -2, -16, -18, 10, -2, 3, 4]","[10, 19, 3, -16, -2, 2, 1, -18, 4, -9, -2]",-72,-216,Violated
633,"[3, 13, -7]","[-7, 13, 3]",-41,-123,Violated
634,"[-6, -13, 17, -7, -8, 15, 17, -17]","[-8, -17, -7, -6, -13, 17, 15, 17]",15,45,Not-violated
635,"[17, 1, 5, 4, 2, 17, 2, -3, 11, -10, -15, 11]","[1, 11, -15, 5, -3, 11, 2, 2, 17, 4, 17, -10]",28,84,Not-violated
636,"[14, -19, 19, 15, -14, 7, -19, -16]","[14, 7, -16, -19, -14, -19, 19, 15]",-8,-24,Violated
637,"[-5, 15, 3, 19, 1, -13, -17, -19, 16, -3, 17, 1, 6, -16]","[-5, 3, -3, -17, 1, -16, 16, -13, 6, 19, 17, 15, -19, 1]",32,96,Not-violated
638,"[-10, -1, 18, -19, 17, -11, -8, -15, 5, -1, 13, 5, 6, 4]","[13, -11, -10, 4, 6, -15, 5, -1, 18, -19, 5, -8, 17, -1]",0,0,Violated
639,"[15, 7, -17, 15, 19, 0, 5, -15, -3, -12]","[7, 19, -15, -17, 15, -12, 5, -3, 0, 15]",-35,-105,Violated
640,"[-16, 18, -4, 1, 11, -4, -14, 2, -11]","[-4, -11, 1, -4, -16, -14, 11, 18, 2]",-9,-27,Not-violated
641,"[-7, -4, -2, 7, -2, -4, 15, 4, 3, 1, 9, 10]","[9, -4, 15, -7, -2, 3, -4, 7, 1, -2, 4, 10]",77,231,Not-violated
642,"[12, -3, -3, -5, -16, 14, -2, -17, 16]","[14, -3, -17, 16, -5, -2, -16, -3, 12]",5,15,Not-violated
643,"[10, -5, -2, -8, -13]","[-5, -13, -2, -8, 10]",-27,-81,Not-violated
644,"[-19, 13, 3, -5, -7, 0]","[0, -7, 13, -19, -5, 3]",39,117,Not-violated
645,"[-17, -18, -7, -15, -5, -3, 3, -1, 3, 17, -8, 10, 3]","[3, -18, -3, -8, 10, -15, 3, -5, 17, 3, -1, -17, -7]",10,30,Violated
646,"[15, 11, -13, 16, -11, -14, -6, 5, -19, -17, -12]","[11, 16, -13, -11, 15, -12, 5, -14, -6, -17, -19]",18,54,Not-violated
647,"[19, -2, -18, -9, 10, 16, 15, 18, 2, 8, -20, 0, -4]","[-4, 0, -20, -18, 19, 10, 18, 2, -9, 8, 15, 16, -2]",-23,-69,Violated
648,"[-17, -11, -12, -20, 9, -14, 8, 12, 3, 8, -18, -14, 10, 16]","[-18, -11, 8, 10, 9, -20, -12, 3, 8, -14, -17, 12, 16, -14]",-2,-6,Violated
649,"[-15, 7, 14, -14, -7, 2, 13, 19, -18, -6, -5, -15, -20, -13]","[-13, -6, 7, -14, 2, -15, -15, -20, 19, 14, 13, -7, -5, -18]",9,27,Violated
650,"[8, -16, -18, -20, 8, 16, -17, -13, 16, -4, -13, 17, -3, -17]","[-13, -4, -17, 16, -16, -13, 8, -18, 17, -17, -3, 8, -20, 16]",-53,-159,Not-violated
651,"[0, 14, 2, 4, 15, -11, 0, 16, 4, 14, -16]","[2, 4, 0, 16, 0, -11, -16, 14, 4, 15, 14]",-14,-42,Not-violated
652,"[-14, 18, -8, -3, 15, -6, -5, 1, -4]","[-4, -5, 15, -8, -3, -6, 1, -14, 18]",1,3,Violated
653,"[18, 4, 1, 14, 6, -13, -14]","[6, -14, 1, -13, 14, 4, 18]",-32,-96,Violated
654,"[12, 9, -15, 7, 9, 8, 8]","[7, 9, 8, 12, 9, 8, -15]",-60,-180,Not-violated
655,"[9, -5, -8, 6, -2, 15, 8, -14, -16, 13, -3, -20, 11, 18]","[18, 9, 13, -5, -20, -2, -14, 6, 8, 11, -3, -16, 15, -8]",-37,-111,Violated
656,"[11, 0, 11, 7, 2, 13, 7, 16, 10, 1, 12, -18, 7, 13]","[13, 7, -18, 2, 7, 13, 10, 11, 16, 12, 1, 7, 0, 11]",-19,-57,Violated
657,"[-12, -7, -3, -15, 18, 18, -18, 6, -8, 5, -7, 9, 15]","[9, 6, -7, -7, 5, -8, -3, 15, -12, 18, -18, 18, -15]",22,66,Violated
658,"[-9, -20, -8, -3]","[-8, -3, -20, -9]",-15,-45,Violated
659,"[17, -9, -14, -13, 13, 15, -14, 8, 14]","[-14, -9, 8, -13, -14, 17, 14, 13, 15]",20,60,Not-violated
660,"[-1, -9, 16, -14, -17, -17, 13, 4]","[-1, -14, 16, -17, -17, 13, -9, 4]",8,24,Not-violated
661,"[-19, 3, -20, 9, -19, -1, -1, -19, -4]","[-1, -1, 3, -20, 9, -4, -19, -19, -19]",-13,-39,Violated
662,"[9, -17, 18, 15, -2, 10, 15, 14]","[10, 18, 15, -2, 9, 15, -17, 14]",-30,-90,Violated
663,"[15, -11, -4, -2, -9, -18, -12, -16, -16]","[-4, -16, -16, -11, -2, 15, -9, -18, -12]",44,132,Not-violated
664,"[-5, 13, 7]","[7, -5, 13]",-13,-39,Violated
665,"[15, -7, -16, 15, -5, 14, -13, 14, 18, 3, -15, 15]","[14, -16, -15, 14, 3, 15, 15, -7, 18, -5, -13, 15]",54,162,Not-violated
666,"[6, 4, -3, -20, -4, -10, -11, -17, 7, 1, -15, 10, -1]","[1, -1, -11, -3, 4, -10, -4, 10, -17, 7, 6, -20, -15]",-18,-54,Violated
667,"[-2, -18, -6, -20, 10, -14, 6, -2]","[-6, -14, -20, -2, 10, 6, -2, -18]",15,45,Not-violated
668,"[-8, -2, -12, -11, 15, 2, -9, -8]","[-9, -11, -8, 2, -12, -8, 15, -2]",-25,-75,Violated
669,"[2, -11, -17, 13, 7, -20, -16, -2, 7, -13, 4, -16]","[7, 7, -13, -17, 2, -16, -2, -20, 13, 4, -11, -16]",-24,-72,Violated
670,"[-19, -16, -6, 17, 9, -14, 13, -19, 6, 5, 9]","[17, -6, 13, 5, -19, 6, -16, 9, -14, -19, 9]",-8,-24,Violated
671,"[-3, 9, 19, 9, -15, 15, 9, 5, 6, 17, -14, -11, -6]","[-3, 9, 6, 15, -11, -14, 17, 5, 19, 9, -6, 9, -15]",31,93,Not-violated
672,"[1, -13, 2, 19, 7]","[2, 1, 19, 7, -13]",51,153,Violated
673,"[1, 3, -1, 14, 8, 19]","[19, -1, 1, 14, 8, 3]",-5,-15,Violated
674,"[-6, -19, 1, -7, -9, 19]","[-9, -7, 19, -19, -6, 1]",12,36,Not-violated
675,"[-15, -8, -5, 6, 1, -2, 14, 16, -4, -3, 15, 6]","[15, 14, -15, 1, -8, 16, -3, 6, -5, -2, 6, -4]",42,126,Not-violated
676,"[7, -16, -10, 16, -7, 11, 3, -19, -4]","[7, 16, -16, -19, -7, 11, -10, -4, 3]",-19,-57,Violated
677,"[-2, -12, -17, 11, 17, 17, -10, 17, 4, -12]","[17, -12, 4, -10, 17, -12, 17, -2, -17, 11]",24,72,Not-violated
678,"[19, 12, 3, -18, -11, -20, 14, 18]","[12, -20, -18, 3, 19, 18, -11, 14]",15,45,Not-violated
679,"[8, -19, 13, -8, 2, -8, -3, 11, 16, 8, -16, -2, -4, 19]","[-3, -16, 19, 8, 2, -4, 11, -8, 8, -2, -19, 16, 13, -8]",90,270,Not-violated
680,"[13, -15, 9]","[13, -15, 9]",12,36,Violated
681,"[17, -18, -16, -1, 9, 0, -14, 7]","[-18, -16, 17, 9, 7, -1, -14, 0]",-30,-90,Not-violated
682,"[2, -8, 3, -1]","[2, 3, -1, -8]",-9,-27,Violated
683,"[-13, -3, 1, 0]","[1, 0, -3, -13]",29,87,Violated
684,"[-7, 0, -7, -2, -9]","[-7, -2, 0, -9, -7]",-51,-153,Violated
685,"[-16, 5, 8, -6, -9]","[-9, -6, 8, 5, -16]",-24,-72,Violated
686,"[13, -8, -1, -5, -4, 4, 3, 1]","[4, -1, 1, -8, 13, -5, -4, 3]",5,15,Not-violated
687,"[8, 16, -14]","[-14, 16, 8]",-2,-6,Not-violated
688,"[12, 19, -10, 5, -14, 4, -1, -16, -3, 18, -7, -17]","[-16, 5, -7, -17, 12, 18, 4, -10, 19, -14, -1, -3]",11,33,Not-violated
689,"[9, -13, 5, 0, 8, 3, -12, 19, -14, -11, 18, 17, -18]","[-11, 0, 9, -14, -13, 17, 8, 5, -18, 18, -12, 3, 19]",-14,-42,Violated
690,"[3, -13, -13, 13, 17, 2, 17, 2, -2]","[17, 3, 2, -13, -13, 2, -2, 17, 13]",-7,-21,Violated
691,"[8, -9, 4, -9, 12, -9, -19, -2, -17, -4, -4, -3]","[-4, 8, 12, -9, -3, -9, -9, -19, -17, 4, -2, -4]",-10,-30,Not-violated
692,"[-7, -19, -14, -20, -11, -13, 6, 4]","[-7, -11, 6, -20, 4, -19, -13, -14]",-30,-90,Not-violated
693,"[3, 11, -13, 9]","[3, 9, -13, 11]",-4,-12,Violated
694,"[-2, -4, -17, -10, -16]","[-16, -4, -2, -17, -10]",-45,-135,Violated
695,"[18, 4, 13, -18, -1, -15]","[-1, -15, -18, 4, 18, 13]",-20,-60,Violated
696,"[15, 18, 10, 7, 4, -20, 16]","[16, 4, -20, 7, 15, 18, 10]",10,30,Violated
697,"[-18, 19, -17, -3, 9, -8, -8]","[-18, 9, -17, 19, -8, -8, -3]",12,36,Violated
698,"[-5, -1, -18, 10, 17, -19, 12, -19, -14, 1, 14]","[-14, -5, -18, -19, 12, 1, -1, 14, 10, -19, 17]",2,6,Not-violated
699,"[16, -7, 7, 15, -11, 1]","[-11, 16, 1, 7, -7, 15]",-55,-165,Not-violated
700,"[3, -12, 8, -15]","[8, -12, -15, 3]",10,30,Not-violated
701,"[12, 2, 17, 12, 3, 14, -5, 17]","[14, 12, 2, 3, -5, 12, 17, 17]",-26,-78,Violated
702,"[13, 19, -16, -19, -9, 4, -5, 6, 12, -2, -19, 4, -10, 12]","[-19, 19, 12, -16, 12, 13, 6, 4, 4, -10, -5, -9, -19, -2]",18,54,Not-violated
703,"[5, 12, 18, -4]","[5, -4, 12, 18]",5,15,Not-violated
704,"[-9, -11, 10, -2, -17]","[-17, -9, -11, -2, 10]",-15,-45,Violated
705,"[-12, 1, -13, 8, 8, -18, 6, -5, 15]","[8, 6, -13, -18, 1, 8, 15, -5, -12]",81,243,Not-violated
706,"[3, 0, 19, -2, -10, -20, 2, 3, 6, -17, -9, -10, -9]","[-20, -10, -10, 3, -9, 19, -9, 2, -17, 6, -2, 0, 3]",-1,-3,Violated
707,"[-13, 0, 15, 0, -2, 14, 6, -16, -5, -17, 16]","[-16, 0, 6, 16, -17, 14, 0, -13, -2, -5, 15]",-99,-297,Violated
708,"[13, 3, -15, -10]","[-15, -10, 3, 13]",23,69,Violated
709,"[-6, -5, -3, 13, -2, -3, -5, 15, -10, -6, 5]","[-6, -3, -5, 13, 5, -5, -3, -10, -6, -2, 15]",-113,-339,Not-violated
710,"[8, -20, 14, -5, 4, 14, 1, 2, 17, 18]","[18, -20, 2, 1, 14, 4, 8, -5, 17, 14]",-18,-54,Not-violated
711,"[11, 11, -17, -18, 17, -10, -9, 2, -10, 11, 3]","[11, 17, 11, -10, 3, -17, -10, 2, -18, -9, 11]",3,9,Not-violated
712,"[4, -12, -11, -15, 3, -13, -11, 14, -13, 8]","[4, -12, -13, -15, -13, 8, 14, -11, -11, 3]",7,21,Not-violated
713,"[12, 1, -1, 2, -2, -15, -17, 5]","[-15, -17, 1, 2, -1, 12, -2, 5]",-20,-60,Not-violated
714,"[8, -1, 9]","[-1, 8, 9]",-17,-51,Violated
715,"[-19, -19, -3, -1, 13, -20, 12, -6, -11]","[-11, -1, -19, 13, -6, -19, -3, -20, 12]",40,120,Not-violated
716,"[-20, 15, 15, 16]","[-20, 15, 15, 16]",55,165,Violated
717,"[-5, -16, 12, -8, -17, 17, 10]","[10, -8, 17, 12, -16, -5, -17]",26,78,Not-violated
718,"[-17, -14, -9, 14, 7, -2, -4, -17, 5, 6, -4]","[7, -9, -4, -2, 6, -4, 5, 14, -17, -17, -14]",-30,-90,Violated
719,"[9, -6, -20, -16, -2, 6, 12, -7, -15, -17]","[6, -2, -17, -7, -16, -15, 12, -6, 9, -20]",-55,-165,Violated
720,"[-5, -3, 3, -11]","[3, -11, -5, -3]",-47,-141,Violated
721,"[19, 1, -5, -16, -7, 14, 16, -3, -2]","[19, 1, -3, 16, -16, -2, -7, 14, -5]",-61,-183,Not-violated
722,"[-18, -18, 19, 9, -9, -8, -9, 5, 9, -18]","[-9, -18, -18, -18, 19, 9, 5, 9, -9, -8]",5,15,Not-violated
723,"[12, -20, 1, 16, -19, 0, 16, -6]","[12, 0, -19, -6, 16, 1, 16, -20]",27,81,Not-violated
724,"[13, 11, 6, 11, -17, 0, -10, -6, 6, 1, -1]","[6, -17, 11, -1, 0, -6, -10, 11, 6, 1, 13]",-13,-39,Not-violated
725,"[17, -7, 17, -7, 0, 16, 14, -1, -4, -13]","[-4, -1, -7, 17, 17, 0, -13, 16, 14, -7]",-25,-75,Violated
726,"[-2, -2, 3, -10, -6, -9]","[-9, -2, -2, -6, -10, 3]",-14,-42,Violated
727,"[-13, -3, 6, 6, 13, 16, -12, -14, -6]","[-14, 16, 6, -3, 6, -12, 13, -6, -13]",-30,-90,Not-violated
728,"[9, 8, -17, -2, 0, 19, -18, 15, 16, -16]","[-17, 15, 0, -16, 16, 9, 8, 19, -2, -18]",36,108,Not-violated
729,"[-6, 10, 16, 15, -9, -17, 14, 14]","[-9, 14, -6, 16, 14, 15, 10, -17]",-5,-15,Not-violated
730,"[-6, 19, 15, -20, -3]","[-3, 15, -6, -20, 19]",-10,-30,Violated
731,"[-7, -3, -19, -18, -4, -8, -15, 6, -7, -3, 14, -1, 11]","[6, 11, -3, -7, -15, -1, -3, -18, -19, -8, -4, -7, 14]",-1,-3,Not-violated
732,"[1, 5, -12]","[1, -12, 5]",-48,-144,Violated
733,"[7, -12, 4, 15, -15, 16, -19, -19, 3, 14, -14, -12, 12, 3]","[-12, 7, 16, -12, 3, 12, 14, -14, 15, 3, 4, -19, -19, -15]",42,126,Not-violated
734,"[12, -13, 12, 1, -19, 15]","[12, -13, 15, 12, 1, -19]",-13,-39,Violated
735,"[-6, 7, 3, -11, 10, 13, -10, 12, 7, 13, -10, -7]","[10, -6, -10, 13, 7, 7, -10, 13, 3, -11, 12, -7]",-14,-42,Not-violated
736,"[-18, 3, 3, 11, -8, -18, -9]","[-18, -8, 3, -9, -18, 3, 11]",-51,-153,Violated
737,"[15, 4, 9, -16, -11, 17, -1, -10, -15, 7]","[17, -1, 7, -11, -10, 4, -15, -16, 9, 15]",38,114,Violated
738,"[-14, -11, -19, 4, 11, 6, -5, 18, -15, 5, 12, -7, 19]","[-11, -15, -14, -7, 19, 5, 11, -19, 4, 18, 12, -5, 6]",-9,-27,Violated
739,"[3, -6, -11, 17, 5, 12, -10, -10]","[5, -11, -10, -6, -10, 3, 12, 17]",-60,-180,Violated
740,"[2, 10, -6, -13, -10, 16]","[-10, -6, 16, 10, 2, -13]",-27,-81,Violated
741,"[-6, -5, 15]","[-5, -6, 15]",4,12,Violated
742,"[-8, 3, 4, -19, 6, 15, 12, -6, -2, 2, -9, 14]","[4, -9, -19, 6, 15, -2, 2, 3, -6, 14, -8, 12]",28,84,Not-violated
743,"[-15, -5, -16, -7, -17]","[-17, -5, -15, -7, -16]",-66,-198,Not-violated
744,"[15, 15, -1, 10]","[15, 15, 10, -1]",-21,-63,Violated
745,"[-4, -6, -20, 4, -17, 14]","[-4, 4, -6, -20, -17, 14]",-61,-183,Not-violated
746,"[-6, 7, 11, -4, 6, -15, -8, 3, 12, -7, 15, 3, 19, -3]","[-8, 7, -4, 3, 3, 6, 15, 11, -7, -15, 19, 12, -3, -6]",-6,-18,Not-violated
747,"[6, 5, 0, 16, -16, 12, 19, -7, -6, 10, 16, 7, 1]","[16, 10, 12, 1, -6, -16, 6, 0, 16, 5, 7, 19, -7]",-19,-57,Not-violated
748,"[-20, -13, -11, 19, -7, 15, 13, -10, 0, 14, -3, 1, 8]","[-20, 13, -3, -11, -13, 1, 8, 19, -7, -10, 0, 15, 14]",14,42,Violated
749,"[15, -7, 5, 17, -4, -11, 0]","[5, 15, 17, -11, 0, -7, -4]",15,45,Violated
750,"[18, 14, 8, -1, 18, -10, -4, -14]","[-10, -4, 14, 18, 18, -1, 8, -14]",-37,-111,Violated
751,"[-11, -20, -16, -7, -12, 16, 15, -11, -1, 8, -13, -12]","[-20, 16, -12, -7, 8, -1, -13, -16, 15, -11, -12, -11]",-25,-75,Violated
752,"[19, -14, -9, 0, -2, -15, -14, -19, -13]","[19, 0, -14, -9, -2, -19, -15, -13, -14]",16,48,Violated
753,"[2, -8, 7, 11, -15, 18, -4, 14, 3, 4, -8, -4, -11, -12]","[2, -8, 14, 4, -4, -11, -4, 7, -15, -8, 18, 11, 3, -12]",-26,-78,Violated
754,"[-2, -2, -16]","[-2, -2, -16]",9,27,Violated
755,"[-3, 12, -1, 17, 16, -14, 18]","[-1, 17, -14, 18, 16, 12, -3]",-16,-48,Not-violated
756,"[17, 18, 13, -1, -15, 11, -5, 6, 1, -5, 7, 2]","[18, 17, 6, 2, -15, 7, 13, 11, -5, 1, -1, -5]",42,126,Violated
757,"[2, 8, -2, 14, -11]","[14, -2, -11, 8, 2]",17,51,Violated
758,"[16, 14, 1]","[1, 14, 16]",0,0,Violated
759,"[16, -11, -9, 2, 2]","[16, 2, 2, -9, -11]",21,63,Not-violated
760,"[-16, 14, -6, 14, -3]","[-3, -16, -6, 14, 14]",-15,-45,Violated
761,"[10, 6, -19, -1, 13, 4]","[4, -1, -19, 13, 6, 10]",2,6,Not-violated
762,"[-1, -4, -17, 4, 19, -3]","[-4, 4, -17, 19, -3, -1]",48,144,Not-violated
763,"[19, -20, 3, -16]","[3, -16, 19, -20]",-56,-168,Violated
764,"[-13, -19, -15]","[-19, -13, -15]",34,102,Not-violated
765,"[6, -10, -17, -16, -14, 12, -2, 5, 11, 12]","[-14, -2, 6, 12, -10, 5, -16, -17, 12, 11]",43,129,Not-violated
766,"[-5, 7, -18, -9, -18, 17, -8, -6, 19, -10, -18, -2]","[-18, -5, 19, -9, 7, -18, 17, -6, -8, -10, -2, -18]",-23,-69,Violated
767,"[15, 13, -8, -3, 19, 2, 0, -1, 18, -10, -20, 14, -16]","[-10, -3, -20, -16, 14, 18, -1, 19, -8, 2, 15, 13, 0]",89,267,Not-violated
768,"[-10, -20, 10, 14, -7, -11]","[-10, 14, 10, -20, -7, -11]",-89,-267,Not-violated
769,"[-3, -4, 19, -1]","[-1, -4, 19, -3]",48,144,Violated
770,"[9, -3, 5]","[-3, 5, 9]",-22,-66,Violated
771,"[15, 19, -16, 9, 16, -5, -20, -3, -17, -19, 16, 7, 19, -20]","[19, 7, -20, -19, 9, 16, -16, -17, -3, 19, -20, 16, 15, -5]",-6,-18,Not-violated
772,"[5, 15, -4, 8, -16, -7, -14, -11, 16, 4, 13, 19]","[8, 15, -11, -14, 13, 4, 19, 16, 5, -4, -16, -7]",7,21,Not-violated
773,"[-17, 10, 14, -7, 17, -13, -19, 14, -17, 16]","[17, -7, 10, 16, -17, 14, -17, 14, -19, -13]",19,57,Not-violated
774,"[5, -11, 12, -16, -13, 11, -18, 3, -19]","[5, -11, 3, -18, 11, -19, -13, -16, 12]",-35,-105,Not-violated
775,"[8, 4, 6, -2, -10, 10]","[8, 4, 6, -10, -2, 10]",-19,-57,Not-violated
776,"[-12, -1, 8, -10, -19, -13, 3, 16, 11]","[8, 11, -1, 3, -13, 16, -19, -10, -12]",-27,-81,Violated
777,"[-14, 14, 15, 14]","[14, 15, 14, -14]",5,15,Not-violated
778,"[-14, -11, 3, -12, -8, 3, 8, -10, 8, 12, -9, 14]","[8, 8, -10, -12, 3, 14, -14, 3, -11, 12, -8, -9]",2,6,Violated
779,"[10, 13, 4]","[13, 10, 4]",-2,-6,Violated
780,"[5, 1, -12]","[1, 5, -12]",-43,-129,Violated
781,"[16, -18, 10]","[10, 16, -18]",-8,-24,Violated
782,"[-8, -7, -3, 3, -4, 11, 10, 4, 13, -13, 5]","[-13, -8, -7, 10, 11, 4, -4, 13, 3, -3, 5]",65,195,Violated
783,"[-19, 18, -4, 13]","[-19, 13, -4, 18]",34,102,Not-violated
784,"[-3, -9, 9, -10, 15, 5, -13, 14, 19, -5, -12, 6, 10]","[6, 9, 10, -9, 14, -13, 5, -5, 19, -10, 15, -3, -12]",1,3,Not-violated
785,"[17, 13, -6, -1, 17, 13, -10, -19]","[-10, 17, -6, 17, -1, 13, -19, 13]",43,129,Not-violated
786,"[8, -17, 16, -4]","[-4, 16, -17, 8]",-1,-3,Violated
787,"[3, 16, -19, 16, 0, -4, -1, 8, -16, -7, -4, 5, -3, -4]","[0, 5, -4, -3, 16, 16, -7, -1, -16, -19, 8, -4, -4, 3]",9,27,Not-violated
788,"[7, 18, 0, -17, 18, -8, -4, 2, -7, 2, -6, -18, -15, -1]","[-1, 2, -17, -15, -4, 2, 7, -7, -6, -8, -18, 18, 18, 0]",9,27,Violated
789,"[2, -6, 4, -14, 4, -12, 6, -8]","[4, 6, 2, 4, -8, -6, -14, -12]",70,210,Not-violated
790,"[13, 2, -5, 19, 18, -15, -10]","[18, -5, -10, 19, 13, -15, 2]",13,39,Violated
791,"[-17, -8, -4, -16, -15, -11, -6, -9, -11]","[-17, -8, -6, -11, -11, -15, -9, -4, -16]",1,3,Not-violated
792,"[-19, -15, 9, -5, -5, -12, -10, 5, 0, 12, 0]","[0, 0, 9, 5, -19, -15, 12, -5, -5, -12, -10]",40,120,Not-violated
793,"[8, 13, 13, -18, -2, -9, 5, 13, 15, -14, -15, -10, 13, -7]","[-7, -10, -18, -9, 8, 15, 13, -2, 13, -14, 13, 5, -15, 13]",-34,-102,Violated
794,"[18, -6, 9, 15, -10, 17, -5, 18, -1, 1]","[9, 17, -6, -10, -5, 1, 18, -1, 15, 18]",62,186,Not-violated
795,"[-8, -15, -2, -5, -2, -11]","[-5, -8, -2, -11, -15, -2]",-1,-3,Violated
796,"[-17, 2, 9, 4, -20, -7, 5, -18, -18, 3, 7, 15]","[-7, 7, 2, 3, -18, 5, 9, -17, 4, 15, -18, -20]",-2,-6,Not-violated
797,"[13, 8, -16, -8, 8, -15, -14, -18, 10, -2, 10, -8, 3, 8]","[8, -8, -18, -8, 8, -15, 10, 10, 13, -16, -2, -14, 8, 3]",60,180,Not-violated
798,"[-11, -11, -14, -15, -15, 19, -11, 16]","[-14, -15, -11, -11, -15, 19, -11, 16]",-7,-21,Violated
799,"[4, -19, 9, -1, -1, -15, 10, -1, 17, 14, 19]","[-19, -1, 19, 4, 14, 10, 17, -1, 9, -15, -1]",-35,-105,Violated
800,"[-14, 16, 1, -14, -8, -5, -8, -1, -6, -8]","[-14, -8, -14, -8, 16, -6, -1, -8, -5, 1]",47,141,Not-violated
801,"[-18, 16, 11, 12]","[12, -18, 11, 16]",-70,-210,Violated
802,"[9, 18, -5, 11, 13, -1, -2, -11, -17, -8, -12, -11]","[9, -2, -12, 11, 13, -11, 18, -8, -5, -17, -11, -1]",19,57,Not-violated
803,"[-5, 9, -14, -7, -2, -11]","[-5, -7, -14, -11, 9, -2]",10,30,Violated
804,"[12, -18, -12, -15, 2, -12, -6, -20, 17]","[-12, 2, -6, 17, -12, -15, -20, -18, 12]",-32,-96,Violated
805,"[4, 9, -17, -11, 19, 4, 7, 3]","[3, -17, 7, 4, 4, 9, 19, -11]",-3,-9,Not-violated
806,"[-8, -10, 1, 6, 2, -10, 3, 14, 16, 8, -4, -2, 17, 9]","[8, 3, -4, 9, -10, 1, 16, 17, 6, 2, -2, 14, -8, -10]",27,81,Not-violated
807,"[-12, 16, 8, -3, 9, 11, -12, 9, 11, 12]","[-12, 8, -3, 9, 16, -12, 12, 9, 11, 11]",9,27,Violated
808,"[-9, 7, 8, -14, -8, 11, 15, -10, -4, -10, -2, 15]","[-10, -2, -9, -14, 15, 7, -4, -8, 15, 11, 8, -10]",21,63,Violated
809,"[-14, -19, -18, -5, 9, -15, -12]","[9, -15, -5, -12, -18, -14, -19]",-66,-198,Violated
810,"[0, -13, -12, 7, 6, -18, -20, 16, 7, -3, 13, 1, 0]","[-20, -12, -18, 1, -13, 0, 6, 13, 16, -3, 0, 7, 7]",32,96,Violated
811,"[18, -20, 8, 1, -13, 2, 11]","[11, 18, 2, -20, 1, -13, 8]",0,0,Violated
812,"[-9, -5, -3, 11, -2, 7, 8, -19, -20, -3]","[-20, -3, -2, -9, 11, -3, -5, -19, 8, 7]",-3,-9,Not-violated
813,"[5, -7, -13, 6]","[-7, 6, 5, -13]",-43,-129,Not-violated
814,"[-3, -6, 18, -19, -10, -9, -2, -18, 5, 19, 16, 17, -1]","[-9, 5, 16, -10, -19, -6, 18, 17, -2, -18, -3, 19, -1]",5,15,Not-violated
815,"[-7, -13, -10, 7, -11, -12, -16, 9, 5]","[5, 9, -16, -7, 7, -10, -12, -11, -13]",10,30,Violated
816,"[-5, -20, -20]","[-5, -20, -20]",32,96,Not-violated
817,"[-16, -7, 18, -15, 4, 15, -9, -6, -1, 1, 16, -4, -9]","[16, 15, 4, -4, -15, -7, -9, -1, -6, -16, 18, -9, 1]",10,30,Violated
818,"[-13, -5, -10, -2, -7, -14, -9]","[-5, -2, -10, -14, -7, -9, -13]",26,78,Violated
819,"[-5, -5, -7, 15, 5, -9, 2, 18, -18]","[5, -9, -7, 2, -18, 15, -5, 18, -5]",13,39,Not-violated
820,"[1, 15, -17, -3, 18, -6, 16, -16, 1, 1, 16]","[15, 1, 16, 1, -3, -16, 18, -6, 16, -17, 1]",-10,-30,Violated
821,"[8, -6, 4]","[8, 4, -6]",-11,-33,Violated
822,"[17, 6, -7, -6, -7, 16, 3, 16, -19, 4, -6, -3, 5]","[-7, 17, 16, -6, 4, 16, 5, 3, -6, -19, 6, -7, -3]",8,24,Violated
823,"[3, 16, -1, -14, -5]","[-5, 3, 16, -14, -1]",4,12,Not-violated
824,"[11, -6, -12, 12, 12, 4, 5, 13, -8, 15, -19]","[15, 11, 13, -6, -12, 12, -19, 5, 4, -8, 12]",3,9,Violated
825,"[-14, -5, -12, -13, 7, 8, 2, -12, 8, -11, -5, -20, 18]","[7, 2, -11, -12, -13, -14, -5, 8, -12, 18, -5, -20, 8]",13,39,Not-violated
826,"[-6, -6, -17, 8, 2, -13, -15, 13, 1, -4, -20, 15, -9, 4]","[15, -6, -20, 2, 1, -4, 4, 8, 13, -9, -15, -6, -13, -17]",0,0,Violated
827,"[-16, 13, -5, -5, -4]","[13, -5, -5, -4, -16]",17,51,Not-violated
828,"[13, 7, 4, 6]","[13, 4, 7, 6]",62,186,Not-violated
829,"[-7, 16, 8, -19, 0, -6, -7, 3, 16, -14, -7]","[3, 8, -6, -14, -7, 0, -19, 16, -7, -7, 16]",40,120,Not-violated
830,"[3, -20, -19, -14, -3, 4, -20, 18, -2, 4, 0, -13, -7]","[-20, 4, -2, 3, -19, -7, 0, -3, 4, 18, -14, -13, -20]",-12,-36,Not-violated
831,"[16, 8, -2, 0, 13, 12, 12, -20, 15, -20]","[12, 0, -20, 15, 12, 16, -20, -2, 13, 8]",-12,-36,Violated
832,"[2, 7, -17, -7, -4, 4, -19, -7, 2]","[4, 2, -19, 7, -4, -7, 2, -17, -7]",-43,-129,Not-violated
833,"[13, -3, 19, -18]","[-18, 19, -3, 13]",-48,-144,Not-violated
834,"[19, -20, 7, -12, 12, 6, 17, -18, 9, 19, 18]","[9, 19, 7, 18, -20, -12, 17, 6, -18, 19, 12]",-13,-39,Violated
835,"[-11, -15, -2, -9, -19, 9]","[-11, 9, -15, -2, -9, -19]",-4,-12,Not-violated
836,"[-8, 17, -20, 16, -18, -4, 16, -6, 13, 6, -14, 2, 16, -13]","[16, -4, -8, -6, 6, -20, 16, -13, -18, 13, -14, 2, 17, 16]",35,105,Not-violated
837,"[-6, 12, 16, -9, -10, 6]","[-10, -6, -9, 6, 16, 12]",12,36,Not-violated
838,"[-3, 7, -14, 17, -4, 6, -5, -11, 17, -13, -7, 13, 7, 6]","[-13, -7, -5, 17, 7, -4, 13, -3, -14, 6, 7, 6, -11, 17]",61,183,Not-violated
839,"[-12, 11, 14, -14, 19, -8, -6, 2, -18, -1, 16]","[14, -18, -8, -14, -1, -6, 16, 11, 19, 2, -12]",14,42,Violated
840,"[-17, -11, 1, -15, 18, 7, -14, -13, 18, 1]","[18, 7, -17, -15, -13, -11, 1, -14, 1, 18]",56,168,Not-violated
841,"[13, -13, 8, -10, 0, -2, -7]","[-2, 13, -7, -10, -13, 0, 8]",99,297,Not-violated
842,"[-18, 12, -18, -1, 7, 3, -5, -2, 8, -3, 10]","[3, -3, -1, -5, -18, 10, 8, 7, -2, -18, 12]",-1,-3,Violated
843,"[13, -15, -9, -18, -13, 12, -8]","[-9, -8, -15, 13, -18, -13, 12]",23,69,Violated
844,"[13, -14, -19, 6, 2, -4, -8, -5, -2, 7, -13, -17, -1]","[7, -2, -1, 13, -14, -17, -13, -19, 6, -8, -4, -5, 2]",-14,-42,Violated
845,"[5, -17, -19, 17, -19, 7, 6, -20, 13]","[17, 5, -20, -17, 7, -19, -19, 6, 13]",14,42,Not-violated
846,"[19, 19, -7, -2, 18]","[19, 18, -2, -7, 19]",-28,-84,Not-violated
847,"[11, 15, -12, -17, 19, 10, 7, 2, 6, 3, 4, -14]","[4, -14, 3, -17, 15, 6, 2, 10, 11, 7, 19, -12]",-54,-162,Violated
848,"[-5, 6, 10, 14, -19, -16, -2, -2]","[14, -2, 6, -5, -2, -19, 10, -16]",-30,-90,Violated
849,"[16, 7, 4, 12, -12, 1, -3, -2]","[-3, 4, 1, -12, -2, 12, 16, 7]",-35,-105,Not-violated
850,"[12, 0, 12, -5, 10, -6, -19]","[-5, -6, 0, 12, -19, 12, 10]",-88,-264,Violated
851,"[6, -6, -9, 13, 3, -4, 8, 10]","[10, 13, -4, -9, 8, -6, 3, 6]",-44,-132,Violated
852,"[14, -16, 18, 18, 7, 12, -13]","[12, -13, 7, -16, 14, 18, 18]",37,111,Not-violated
853,"[-1, -16, -5, 10]","[-1, 10, -5, -16]",16,48,Violated
854,"[7, -18, -11, -16, -5, -8, -19, -9, -14, 10, 13]","[-16, 10, 7, -14, -19, -11, -9, 13, -18, -8, -5]",1,3,Violated
855,"[-3, 2, -6, -6, 0, 8]","[-3, 0, -6, -6, 8, 2]",-13,-39,Violated
856,"[12, -9, 16, 5, -6, 0, -11, 1, 13]","[-6, 12, -11, 13, 0, 1, 16, -9, 5]",7,21,Not-violated
857,"[18, 12, 10, 0, -4, -3, -6, -11, 19, 18]","[18, -4, 10, -3, 0, 12, -11, 18, -6, 19]",-45,-135,Violated
858,"[-2, 4, -1, 0, 9, 17, 12, 8, -4, -1, -20, 14, 4, -15]","[14, 17, -2, 12, 4, 4, -20, -1, 0, 8, -15, 9, -4, -1]",-31,-93,Not-violated
859,"[5, 8, -5, 10, -10, -8, 6, -6, 2, 3, -16]","[5, 6, 8, -10, 3, -6, 2, 10, -8, -16, -5]",-13,-39,Violated
860,"[-4, 15, 5, -8, -5, 0, 12, 14, -12, -2, 2, -4]","[2, 5, 14, -4, -5, -2, -12, 0, -4, 12, -8, 15]",36,108,Not-violated
861,"[13, -4, -11, -9, 2, -20]","[13, 2, -11, -20, -9, -4]",-56,-168,Not-violated
862,"[10, 6, -1, 7, -1, 16, -6]","[7, 6, 10, 16, -1, -6, -1]",46,138,Not-violated
863,"[-8, -15, -11, 6]","[-11, 6, -15, -8]",8,24,Not-violated
864,"[-5, 17, -2, 12, -13, -15, 3, -20, -1, -6]","[-1, -13, 3, -15, 17, -6, -2, 12, -20, -5]",9,27,Not-violated
865,"[-17, -15, 4, -17, 2, 0, -1, 12, -12, -3]","[-1, 2, 4, -12, -17, 12, 0, -17, -15, -3]",-8,-24,Violated
866,"[12, -19, 15, 15, -7, 9]","[15, 12, -7, 15, 9, -19]",-14,-42,Not-violated
867,"[-6, -15, -7, 17, 1, -4]","[-7, -4, -6, -15, 1, 17]",43,129,Not-violated
868,"[-12, -17, 2, -13, -12, -12, -13, -12, 18, 10, -5, -2, -2]","[-12, -2, 2, -17, -5, -13, -12, 10, -12, -2, 18, -12, -13]",27,81,Violated
869,"[3, -11, -5, -16, -15, 16, 11, -5]","[16, 3, -11, -5, -16, -15, 11, -5]",15,45,Violated
870,"[-8, -10, 9, -6, -18, -6, 5, -8, 8, -12]","[-8, -10, -6, -18, -12, 8, 9, 5, -6, -8]",-81,-243,Violated
871,"[14, -3, 13, 8]","[-3, 13, 14, 8]",-18,-54,Not-violated
872,"[14, 7, -6, 7, -16, 0, 14, -20, 10, 15, 6]","[0, 6, 15, -20, 14, 7, 7, -16, -6, 10, 14]",-25,-75,Violated
873,"[15, 19, -8]","[19, 15, -8]",24,72,Not-violated
874,"[2, -12, -2, 0, -13, 6, -14, 1, -18, 3, 13, 18]","[13, -18, -2, 6, 18, 3, 2, -13, 1, -14, -12, 0]",-13,-39,Violated
875,"[-5, 16, 12, 19, -14]","[-14, 12, 19, 16, -5]",-81,-243,Violated
876,"[19, -8, -19, -14, -4, 1, 9, -14, 18, 15, -17, 14, 11]","[9, 18, 11, -8, -14, 19, 15, 1, 14, -14, -4, -17, -19]",-6,-18,Violated
877,"[-15, -20, -10, 10, -5, 3, 3, -9]","[-9, 3, -10, 10, -5, 3, -20, -15]",-40,-120,Violated
878,"[1, -14, 0, 16, 11, -13, 0, 11, -4, -20, -12, -5, 6, 11]","[11, 1, -14, -13, 0, -12, 11, 0, 6, -5, 11, -20, -4, 16]",-65,-195,Violated
879,"[-20, 6, 2, 1, -6, -20, -8, -4, -17, -18]","[2, -17, -20, 1, -8, -6, 6, -18, -20, -4]",4,12,Violated
880,"[8, -2, 15, -5, 11, 4, -5, -12, 12, -10, -16, -11, -7]","[-5, -12, 8, 12, -5, 4, -10, 11, -11, 15, -16, -7, -2]",-54,-162,Not-violated
881,"[-18, 16, -1, -13, -14, -7, 14, -20]","[14, -18, -7, -14, 16, -1, -20, -13]",-32,-96,Not-violated
882,"[15, -10, 10, 17, 6, -9, 19, 8, 9, 2, -13, -16]","[-9, -16, 6, 19, 9, 17, 2, 8, -13, -10, 15, 10]",-106,-318,Violated
883,"[9, 8, -19, -7, -11, 7]","[9, -7, -11, 8, -19, 7]",1,3,Not-violated
884,"[15, -7, -20, -20, -18, -4, 12]","[15, -20, -7, -20, -18, 12, -4]",53,159,Not-violated
885,"[13, 7, -19, 14, -5, 13, -13, -1, 16]","[13, 13, 7, -5, -19, -13, -1, 16, 14]",-34,-102,Violated
886,"[19, 19, 17, -11, -17, -6, 16, 6, -10, 12, -1, 4]","[19, -11, -6, 4, 12, -1, 19, 6, 17, -10, 16, -17]",-40,-120,Not-violated
887,"[-1, 2, 14, 12, 3, -1, -5, -20]","[-20, 14, 2, 12, -1, -5, -1, 3]",11,33,Not-violated
888,"[-20, -18, 1, -12, 17, -14, -7, 13, -9, 11, -10, -16, 11]","[11, -16, -10, -20, -9, 1, 17, -18, 13, -7, 11, -12, -14]",-14,-42,Violated
889,"[-6, 10, -18, 3, -9, 14, -4, 17, 13, 8, 8]","[-6, 17, -9, 8, -4, 14, 10, 3, 13, 8, -18]",47,141,Violated
890,"[9, -5, 18]","[-5, 18, 9]",-11,-33,Not-violated
891,"[0, 3, 16, 19, -20, 9, 6, 19, -20, 17, 11, 16, -10, 18]","[16, 3, 19, 16, 11, 6, -10, -20, 0, -20, 19, 18, 17, 9]",22,66,Not-violated
892,"[16, 2, 12, 5, -4, 0, -5, 4, 19, 16, 16, -2, 0, 10]","[-5, 0, 5, -4, 16, 19, -2, 12, 16, 10, 4, 16, 0, 2]",34,102,Not-violated
893,"[15, 11, 14, -18, 18, -17, 7, 13, 8, 2, -6, 1, -9]","[13, -6, 8, 2, 11, 15, 18, -18, 7, 14, -9, 1, -17]",36,108,Not-violated
894,"[1, 11, -20, 12, 10, -9, -15, -19, -14, -15]","[12, 11, -14, -19, -15, 10, -15, 1, -20, -9]",-61,-183,Not-violated
895,"[9, 8, -14, -17]","[-14, 9, -17, 8]",-19,-57,Not-violated
896,"[3, 0, -2, 5, -18, -7, -16, 19, 10, -2, 1, -8, -7]","[-18, 3, -8, 10, -2, 1, 5, -16, -7, -2, 19, 0, -7]",8,24,Violated
897,"[6, 3, 15, 19, 11, -1, 19, -7, 3, 16, -13, 15, 7]","[7, 3, 16, -13, 6, 19, 3, 15, 15, -7, -1, 19, 11]",23,69,Not-violated
898,"[-10, -13, -1, -20, 8, 12, 6, 4, 17]","[-20, -1, -13, -10, 17, 8, 6, 12, 4]",-45,-135,Not-violated
899,"[12, 4, 10, -20, 8, -9, 16, -13, -6, -20, 13, -20]","[-9, 16, 13, -20, 4, 10, -20, -13, -20, 8, 12, -6]",15,45,Violated
900,"[3, -14, -14, 18]","[-14, 3, 18, -14]",19,57,Violated
901,"[-19, 6, 13, 0, 13, -4, -10, 3, 8]","[-10, 6, 0, -19, 8, 3, 13, 13, -4]",-52,-156,Not-violated
902,"[8, 14, -1, 17, -11]","[-11, -1, 14, 8, 17]",-13,-39,Violated
903,"[-14, -6, -10, -17, -4, -19, -3, -9, -10, -13, 2, -4, -17]","[-10, -10, -14, -4, 2, -4, -17, -17, -13, -9, -19, -3, -6]",-19,-57,Violated
904,"[18, -4, -6, 15, -16, 5, -11, 0, 8, -4, 0, -5]","[0, 5, 0, -5, -11, -6, 8, -16, -4, 18, 15, -4]",24,72,Violated
905,"[18, -9, -8, -5]","[18, -5, -8, -9]",16,48,Violated
906,"[16, 9, -19, -12, 19, 8, 0, -15, -18, -13, 19, -8, 2, 11]","[8, -8, 9, -12, -18, 19, 2, 19, 11, -15, 0, -13, -19, 16]",-40,-120,Violated
907,"[17, 16, -13]","[16, 17, -13]",16,48,Violated
908,"[2, -16, -19, -10, 6]","[-16, 2, -19, -10, 6]",-23,-69,Not-violated
909,"[9, 7, 14, -3, 2, 9, -3, -4, 5]","[9, 7, -3, 14, 5, -4, -3, 9, 2]",-9,-27,Violated
910,"[-20, -10, -1, -4, -8, 16, -20, -19, -14, -11, 10]","[10, -4, -19, -10, -11, -20, -14, -8, -20, -1, 16]",22,66,Not-violated
911,"[-1, -10, -2, -17]","[-2, -10, -17, -1]",-76,-228,Violated
912,"[6, -1, 11, 19, 15, -3, -7, -14, -11, -8, -9, 19, -16]","[11, -3, -14, -1, -7, 19, -16, -9, -11, 15, 6, 19, -8]",-66,-198,Violated
913,"[12, 17, -12, 9, 12, -3, 5, 5, 12, -13, -17, 14, -14, 6]","[-14, 17, 9, 14, 5, -17, 6, 12, 12, -3, -13, 12, -12, 5]",-47,-141,Violated
914,"[-7, 13, 4, -13, -10, 9, 13, -20, -19, 11, -3]","[-3, -20, 4, 13, 11, -7, -10, -19, 9, 13, -13]",58,174,Not-violated
915,"[-6, -11, -5, -13, 10, -11]","[-11, -11, -5, -13, -6, 10]",2,6,Not-violated
916,"[7, 18, -13, 5]","[-13, 7, 18, 5]",-54,-162,Violated
917,"[-6, -18, 19, -6, 8, 13, -19, -10]","[-19, 8, -10, -6, 19, 13, -18, -6]",36,108,Violated
918,"[16, -16, -11, -19, -1, 13]","[-19, 13, -16, 16, -11, -1]",-18,-54,Violated
919,"[-7, 16, 8, 5, 13, -14, 4, -3, -10, 6]","[4, -14, 5, -7, -10, 16, -3, 13, 8, 6]",6,18,Not-violated
920,"[13, 0, -18, 6]","[6, -18, 13, 0]",0,0,Not-violated
921,"[8, 0, -15, -13, 17, 13, -1]","[-1, -13, 0, -15, 8, 17, 13]",-5,-15,Violated
922,"[-8, 7, -1, 5, 14]","[7, -8, 5, 14, -1]",11,33,Violated
923,"[10, 8, -7, -4, 4, -14, 16, -10, 17, -11, 19, 11, -14]","[-7, -10, -11, 19, 16, -4, 10, 11, -14, 17, -14, 8, 4]",36,108,Not-violated
924,"[17, -14, 1, -6, -2, 14, 5]","[14, -2, 17, 1, 5, -14, -6]",-35,-105,Violated
925,"[4, -6, 10, 4, -8, 15, 5, -9, -18, 11, -17, -20, -9]","[-6, -9, 4, -18, -20, 4, 10, 11, 5, -17, -9, -8, 15]",11,33,Violated
926,"[17, 15, -2, 11, 8]","[8, 11, 15, 17, -2]",-16,-48,Violated
927,"[-19, 3, -14, -7, -11, -9, 10, -18]","[-7, 10, -19, -14, -11, 3, -18, -9]",-8,-24,Violated
928,"[0, -16, -9, -11, 10, -17, -15, 8, 18, 9, -7, -20, -17]","[-16, -11, 9, 0, -7, -17, 10, -17, -9, -15, -20, 18, 8]",37,111,Not-violated
929,"[5, 12, -6, -3, 13, 17]","[13, 17, 5, -6, 12, -3]",18,54,Not-violated
930,"[14, -9, -13, -12, 16, 1, 5]","[5, -12, -13, 14, 16, 1, -9]",-28,-84,Violated
931,"[-12, -8, 10, -4, 17, 13, 1, 11, -15, 12, -14, 11, 3]","[17, -4, -12, 12, 13, -8, -14, 1, 11, 11, -15, 3, 10]",26,78,Not-violated
932,"[-4, 19, -2, 11, 11, -3, 1, 10, 7]","[10, 11, 11, -3, 7, 1, 19, -4, -2]",-44,-132,Not-violated
933,"[-15, 19, 11, 18, -16, -20, -16, 13, 13, 11]","[11, -15, 11, 13, -16, -20, 18, -16, 19, 13]",78,234,Not-violated
934,"[-6, -2, -3, 5, -9, -5, -18, -20, 12]","[-6, -18, -20, 5, -5, -9, -3, -2, 12]",14,42,Violated
935,"[18, -17, 17, 4, 12, -17]","[17, -17, 4, 18, 12, -17]",15,45,Violated
936,"[16, -7, -8, -2, -10, 1, 13, 17, -19, 7, 7]","[-10, 16, -8, -7, 17, -2, 7, -19, 1, 7, 13]",-21,-63,Not-violated
937,"[16, -17, 2, -6, 19, -8, -3, -8, -7, -19, -8]","[19, -3, 16, -8, 2, -8, -6, -19, -7, -17, -8]",-37,-111,Not-violated
938,"[15, 15, 10, -1, -13, -10]","[-10, 15, -1, 10, 15, -13]",37,111,Not-violated
939,"[9, -19, 16, -20, 15, -16, -14, -11, -7, 8, -19, -17, -8]","[-14, -19, 9, -8, -20, -11, -7, -17, -19, 16, 8, 15, -16]",-12,-36,Violated
940,"[7, -12, -2, 7]","[7, -12, 7, -2]",-21,-63,Violated
941,"[-1, 17, 3, 8, 15, 4, 8, -1, 0, 19, 7, 12]","[8, 15, -1, 7, 3, 17, -1, 0, 19, 4, 8, 12]",-19,-57,Not-violated
942,"[-12, -10, -6, 11]","[-6, -12, 11, -10]",35,105,Not-violated
943,"[6, -6, 3, -12, 18, 1, -10, 14, 4, -5, 10, -17]","[-5, 3, -12, -17, -6, -10, 6, 10, 18, 14, 1, 4]",8,24,Not-violated
944,"[-6, -10, -17, -13, -9, 9, 16, -17, 7]","[9, 7, -9, -6, -17, -10, -13, 16, -17]",47,141,Not-violated
945,"[-20, 17, -8, 9]","[17, -8, -20, 9]",10,30,Not-violated
946,"[-12, 4, 2, -16, -4, -1, -19, 1]","[4, 2, -4, -19, 1, -1, -16, -12]",-39,-117,Violated
947,"[9, -2, -4, 5, 19, 3, -16, -8, 5, 10, -16, -16]","[19, -16, 9, -16, -2, 5, 3, 10, -4, -16, -8, 5]",20,60,Not-violated
948,"[18, -13, 9, -17, -13]","[9, -13, -13, -17, 18]",27,81,Not-violated
949,"[11, 16, 8, -18, -12, -12, 10, -5, 15]","[-5, 15, 16, -12, 11, -12, -18, 8, 10]",-2,-6,Not-violated
950,"[3, -3, -7, -20, 7]","[-7, -20, -3, 7, 3]",-25,-75,Violated
951,"[-11, -7, 8, 13, 14, 16, -8, -2, 1, -10, 16, -10, 4, 8]","[16, -10, 14, -8, -2, -11, -10, 16, 4, 13, 8, 8, 1, -7]",4,12,Not-violated
952,"[-3, 16, -7, 1, -5, 9, -6, -9, 17, 6, 5, 9, -16, -16]","[-6, -7, -16, -16, -9, -3, 5, 1, 9, 6, 9, 16, -5, 17]",1,3,Violated
953,"[-18, -10, 7, -9, 14, 8, 13, -13, 3, 0, 9]","[14, -9, 7, 13, 0, -10, -18, 3, 9, 8, -13]",-41,-123,Violated
954,"[17, -3, 16]","[16, 17, -3]",-18,-54,Violated
955,"[10, -11, -19, 0, -6, -10, -18, 2]","[-11, 0, -18, -19, 2, -10, -6, 10]",-6,-18,Not-violated
956,"[14, -1, 15, 12, -6, -10, 9, 0]","[9, -6, 14, 15, 12, -10, -1, 0]",37,111,Not-violated
957,"[5, 0, -5, -5, 5, 11, 6]","[5, 0, 11, -5, -5, 5, 6]",-4,-12,Not-violated
958,"[19, -3, -8, -18, -19, -7, -11, 10, 2, -2, -20, 12, 4]","[10, -18, -11, 12, -19, 2, -8, 19, -7, -20, 4, -2, -3]",-8,-24,Violated
959,"[1, -1, -12, 14, 7, 12, -17]","[-1, 1, 7, 14, -12, -17, 12]",16,48,Not-violated
960,"[13, 19, 8, 8, -8, 4]","[8, -8, 8, 4, 19, 13]",-10,-30,Not-violated
961,"[-19, -17, 5, -8, -15, 11, 15, -7]","[-15, 11, 5, -8, 15, -7, -17, -19]",17,51,Violated
962,"[-5, 12, -5, 2]","[2, -5, -5, 12]",16,48,Not-violated
963,"[-7, 17, 14, 12, 11, 9, -10, -2, 4]","[4, 9, -7, 17, -2, 11, -10, 12, 14]",-37,-111,Violated
964,"[9, -6, -9, 1, -3, 19, 3, -17, -10, -12, 6, 4, -1]","[3, -10, -9, 1, -3, -17, -1, 9, -6, 4, 6, -12, 19]",-9,-27,Violated
965,"[1, 1, -10, -2, -11, 2, 15, -9, -4, -20, -14]","[1, -11, 2, 1, -10, -20, -14, -2, 15, -9, -4]",28,84,Not-violated
966,"[-18, -11, 3, 8, -18, 19, -14, 18, -16, -11]","[3, -18, -14, -11, 19, 18, -16, 8, -11, -18]",23,69,Violated
967,"[18, -14, -6, -11, 12, -18, 16, 4]","[-14, -18, 18, -6, 16, 4, 12, -11]",27,81,Not-violated
968,"[-16, 19, 19, -10, -5, 2, -10, -3, 7, 0, -6]","[-3, -16, -6, 7, 0, -10, 2, -10, 19, 19, -5]",33,99,Not-violated
969,"[15, -15, 10, 1, -18, -19, -18, 8, 4, 8, 11, 4, 15, -13]","[-18, 1, 4, -13, 10, 8, 15, 15, 4, -18, -19, 11, -15, 8]",8,24,Not-violated
970,"[19, 16, -14, -1, 3, 2, -12, 16, -17, -1, -9, -7, -14, -8]","[-8, -1, -12, 2, -1, -7, -14, 16, 16, 3, -9, 19, -17, -14]",-72,-216,Violated
971,"[-6, 11, -15, -2, 10, -19, -11, -9, 2, 14, 18, -2, 5]","[-2, 10, -11, 18, -15, 5, -9, 11, -6, -19, -2, 14, 2]",-19,-57,Violated
972,"[-15, 11, 3, 4, 13, -5, 8, -3, 18, -8, 15, -1]","[-8, 8, 18, -5, -1, 11, -15, 4, 15, 3, 13, -3]",29,87,Not-violated
973,"[19, 8, 2]","[19, 2, 8]",5,15,Not-violated
974,"[-3, 3, -2, -9, -10, 6, 13, 0, -6]","[6, -2, 13, -10, 3, -3, -9, -6, 0]",-81,-243,Violated
975,"[-13, 13, -14, 4, -8, -6, 5, -18, 0]","[5, -6, -18, 13, -13, -8, 4, 0, -14]",13,39,Not-violated
976,"[8, 13, -20, 8, 9, -12]","[8, -20, 9, -12, 13, 8]",-38,-114,Violated
977,"[10, 1, 16, 17]","[1, 16, 17, 10]",48,144,Not-violated
978,"[-7, 9, -18, -3, -17, -2, -13, 11, 14, 7, -16]","[9, 14, -17, -16, -18, 11, -2, -13, -7, 7, -3]",21,63,Not-violated
979,"[-12, -3, -15, 14, -16, -11, -13, 0, 9, 7, 6, 19]","[-13, 6, -11, -12, 0, -16, 7, 19, 14, -15, 9, -3]",-65,-195,Violated
980,"[18, -7, -7, 18, -3, -6, -4, 13, 0, -1]","[-3, -7, -1, -6, 18, -7, 13, -4, 0, 18]",-14,-42,Not-violated
981,"[16, 9, 18, 17, -15, -9, -1, 3, -3]","[17, -9, -3, 18, 16, 9, -15, 3, -1]",-19,-57,Violated
982,"[-12, -10, -18]","[-18, -10, -12]",-19,-57,Violated
983,"[-20, -20, 19, -19, -19, 9, -13, 1, -18, -1, -17]","[-18, -20, -19, 9, -19, -20, 19, -1, 1, -13, -17]",-33,-99,Violated
984,"[-8, -16, 11, 1, -7, -13, 5, 19, 11, 16]","[11, -8, 16, 1, -7, -16, 5, 19, 11, -13]",-13,-39,Violated
985,"[16, -9, -20, 5, -17, -16, 13]","[5, 16, -16, -20, 13, -9, -17]",-25,-75,Violated
986,"[-14, 11, -3, 11, -18, -18, 7]","[-18, -3, 11, -14, -18, 11, 7]",-17,-51,Violated
987,"[14, 18, -7, 17, 0, 16, 1, -2, -17, 17, -19, 1]","[0, -2, 17, 18, 1, 17, -7, -19, 14, 1, -17, 16]",-13,-39,Not-violated
988,"[4, -17, -1, -16, 3, 19, 11, -16, 3, -7, 3, 3, 18, -9]","[11, 3, -17, -9, 18, 19, -16, 3, -7, 3, -1, 4, -16, 3]",12,36,Not-violated
989,"[6, -19, -4, -15, 6, 17, -9]","[-4, -15, -9, 6, 6, 17, -19]",-44,-132,Violated
990,"[16, -3, -19, 13, 14, 9, -13]","[13, 9, -19, 14, -3, -13, 16]",-21,-63,Violated
991,"[0, 1, -4, 7, -15, -8, -10, -8, -8, -1]","[-10, -1, 7, -15, -8, -8, -8, 1, -4, 0]",19,57,Not-violated
992,"[4, -2, -1, 8, -2, 6, 10, -13, -20, -9, 7, -18, -10, 19]","[-2, 4, -2, 8, -10, 6, 10, -20, -9, -1, 19, 7, -18, -13]",-21,-63,Not-violated
993,"[-8, -15, -14, 4, -18, 3, -5, -8, -5, 14, -6, 11, 12]","[12, -5, -8, -14, 3, 4, -5, -8, -15, -6, 14, 11, -18]",8,24,Not-violated
994,"[19, -13, 13, -13, -18, -14]","[-18, -14, 13, -13, 19, -13]",29,87,Violated
995,"[-18, 15, 7, -5, -10, -8, -6, 13, -1, -6, 15, 16, -6, -1]","[-1, -5, 15, 15, -1, 7, -6, 16, -6, -8, -18, -10, 13, -6]",16,48,Not-violated
996,"[13, -19, -16, 17, 5, 13, 13, -18, -16]","[-16, 13, 5, -16, -18, -19, 17, 13, 13]",-8,-24,Not-violated
997,"[10, 19, 5, -17, -14, 15]","[-17, 5, 15, 19, -14, 10]",14,42,Not-violated
998,"[-13, -15, 1, -3, -15, -8, 10, -15, 7, 1]","[10, -8, -15, -15, 1, 1, 7, -15, -3, -13]",-1,-3,Violated
999,"[-14, -17, -1, -8]","[-17, -14, -8, -1]",-17,-51,Violated
1000,"[-9, 2, -8, -14, -14, -5, 17]","[-14, -5, 2, -14, -8, 17, -9]",1,3,Violated
